core,depth,aom,yrsbp,smt
PC1029,5,1.65E-35,0,NA
PC1029,5.1,5.74E-35,0,NA
PC1029,5.2,1.82E-34,0,NA
PC1029,5.3,5.75E-34,0,NA
PC1029,5.4,1.81E-33,0,NA
PC1029,5.5,5.70E-33,0,NA
PC1029,5.6,1.80E-32,0,NA
PC1029,5.7,5.65E-32,0,NA
PC1029,5.8,1.78E-31,0,NA
PC1029,5.9,5.60E-31,0,NA
PC1029,6,1.76E-30,0,NA
PC1029,6.1,5.54E-30,0,NA
PC1029,6.2,1.74E-29,0,NA
PC1029,6.3,5.48E-29,0,NA
PC1029,6.4,1.72E-28,0,NA
PC1029,6.5,5.42E-28,0,NA
PC1029,6.6,1.71E-27,0,NA
PC1029,6.7,5.36E-27,0,NA
PC1029,6.8,1.68E-26,0,NA
PC1029,6.9,5.29E-26,0,NA
PC1029,7,1.66E-25,0,NA
PC1029,7.1,5.22E-25,0,NA
PC1029,7.2,1.64E-24,0,NA
PC1029,7.3,5.15E-24,0,NA
PC1029,7.4,1.62E-23,0,NA
PC1029,7.5,5.08E-23,0,NA
PC1029,7.6,1.59E-22,0,NA
PC1029,7.7,5.00E-22,0,NA
PC1029,7.8,1.57E-21,0,NA
PC1029,7.9,4.91E-21,0,NA
PC1029,8,1.54E-20,0,NA
PC1029,8.1,4.83E-20,0,NA
PC1029,8.2,1.51E-19,0,NA
PC1029,8.3,4.74E-19,0,NA
PC1029,8.4,1.48E-18,0,NA
PC1029,8.5,4.64E-18,0,NA
PC1029,8.6,1.45E-17,0,NA
PC1029,8.7,4.55E-17,0,NA
PC1029,8.8,1.42E-16,0,NA
PC1029,8.9,4.44E-16,0,NA
PC1029,9,1.39E-15,0,NA
PC1029,9.1,4.34E-15,0,NA
PC1029,9.2,1.35E-14,0,NA
PC1029,9.3,4.23E-14,0,NA
PC1029,9.4,1.32E-13,0,NA
PC1029,9.5,4.11E-13,0,NA
PC1029,9.6,1.28E-12,0,NA
PC1029,9.7,3.99E-12,0,NA
PC1029,9.8,1.24E-11,0,NA
PC1029,9.9,3.86E-11,0,NA
PC1029,10,1.20E-10,0,NA
PC1029,10.1,3.72E-10,0,NA
PC1029,10.2,1.15E-09,0,NA
PC1029,10.3,3.58E-09,0,NA
PC1029,10.4,1.11E-08,0,NA
PC1029,10.5,3.43E-08,0,NA
PC1029,10.6,1.06E-07,0,NA
PC1029,10.7,3.27E-07,0,NA
PC1029,10.8,1.01E-06,0,NA
PC1029,10.9,3.11E-06,0,NA
PC1029,11,9.55E-06,0,NA
PC1029,11.1,2.93E-05,0,NA
PC1029,11.2,8.97E-05,0,NA
PC1029,11.3,2.74E-04,0,NA
PC1029,11.4,8.36E-04,0,NA
PC1029,11.5,2.54E-03,0,NA
PC1029,11.6,7.70E-03,0,NA
PC1029,11.7,2.32E-02,0,NA
PC1029,11.8,6.99E-02,0,NA
PC1029,11.9,2.09E-01,0,NA
PC1029,12,6.21E-01,0,NA
PC1029,12.1,1.83E+00,0,NA
PC1029,12.2,5.36E+00,0,NA
PC1029,12.3,1.55E+01,0,NA
PC1029,12.4,4.39E+01,0,NA
PC1029,12.5,1.22E+02,0,NA
PC1029,12.6,3.26E+02,0,NA
PC1029,12.7,8.26E+02,0,NA
PC1029,12.8,1.89E+03,0,NA
PC1029,12.9,3.53E+03,0,NA
PC1029,13,4.47E+03,0,NA
PC1029,13.1,3.10E+03,0,NA
PC1029,13.2,1.20E+03,0,NA
PC1029,13.3,3.11E+02,0,NA
PC1029,13.4,6.23E+01,0,NA
PC1029,13.5,1.04E+01,0,NA
PC1029,13.6,1.51E+00,0,NA
PC1029,13.7,1.96E-01,0,NA
PC1029,13.8,2.31E-02,0,NA
PC1029,13.9,2.52E-03,0,NA
PC1029,14,2.55E-04,0,NA
PC1029,14.1,2.44E-05,0,NA
PC1029,14.2,2.21E-06,0,NA
PC1029,14.3,1.90E-07,0,NA
PC1029,14.4,1.57E-08,0,NA
PC1029,14.5,1.24E-09,0,NA
PC1029,14.6,9.49E-11,0,NA
PC1029,14.7,7.01E-12,0,NA
PC1029,14.8,5.03E-13,0,NA
PC1029,14.9,3.50E-14,0,NA
PC1029,15,2.38E-15,0,NA
PC1029,15.1,1.58E-16,0,NA
PC1029,15.2,1.02E-17,0,NA
PC1029,15.3,6.47E-19,0,NA
PC1029,15.4,4.02E-20,0,NA
PC1029,15.5,2.45E-21,0,NA
PC1029,15.6,1.47E-22,0,NA
PC1029,15.7,8.67E-24,0,NA
PC1029,15.8,5.03E-25,0,NA
PC1029,15.9,2.88E-26,0,NA
PC1029,16,1.62E-27,0,NA
PC1029,16.1,9.03E-29,0,NA
PC1029,16.2,4.96E-30,0,NA
PC1029,16.3,2.69E-31,0,NA
PC1029,16.4,1.44E-32,0,NA
PC1029,16.5,7.66E-34,0,NA
PC1029,16.6,4.02E-35,0,NA
PC1029,16.7,2.09E-36,0,NA
PC1029,16.8,1.08E-37,0,NA
PC1029,16.9,5.49E-39,0,NA
PC1029,17,2.77E-40,0,NA
PC1029,17.1,1.39E-41,0,NA
PC1029,17.2,6.92E-43,0,NA
PC1029,17.3,3.41E-44,0,NA
PC1029,17.4,1.67E-45,0,NA
PC1029,17.5,8.12E-47,0,NA
PC1029,17.6,3.92E-48,0,NA
PC1029,17.7,1.88E-49,0,NA
PC1029,17.8,8.95E-51,0,NA
PC1029,17.9,4.24E-52,0,NA
PC1029,18,1.99E-53,0,NA
PC1029,18.1,9.32E-55,0,NA
PC1029,18.2,4.34E-56,0,NA
PC1029,18.3,2.01E-57,0,NA
PC1029,18.4,9.22E-59,0,NA
PC1029,18.5,4.22E-60,0,NA
PC1029,18.6,1.92E-61,0,NA
PC1029,18.7,8.71E-63,0,NA
PC1029,18.8,3.93E-64,0,NA
PC1029,18.9,1.76E-65,0,NA
PC1029,19,7.89E-67,0,NA
PC1029,19.1,3.51E-68,0,NA
PC1029,19.2,1.56E-69,0,NA
PC1029,19.3,6.87E-71,0,NA
PC1029,19.4,3.02E-72,0,NA
PC1029,19.5,1.32E-73,0,NA
PC1029,19.6,5.77E-75,0,NA
PC1029,19.7,2.51E-76,0,NA
PC1029,19.8,1.09E-77,0,NA
PC1029,19.9,4.70E-79,0,NA
PC1029,20,2.02E-80,0,NA
PC1029,20.1,8.66E-82,0,NA
PC1029,20.2,3.70E-83,0,NA
PC1029,20.3,1.58E-84,0,NA
PC1029,20.4,6.71E-86,0,NA
PC1029,20.5,2.84E-87,0,NA
PC1029,20.6,1.20E-88,0,NA
PC1029,20.7,5.06E-90,0,NA
PC1029,20.8,2.12E-91,0,NA
PC1029,20.9,8.90E-93,0,NA
PC1029,21,3.72E-94,0,NA
PC1029,21.1,1.55E-95,0,NA
PC1029,21.2,6.44E-97,0,NA
PC1029,21.3,2.67E-98,0,NA
PC1029,21.4,1.10E-99,0,NA
PC1029,21.5,4.56E-101,0,NA
PC1029,21.6,1.88E-102,0,NA
PC1029,21.7,7.70E-104,0,NA
PC1029,21.8,3.16E-105,0,NA
PC1029,21.9,1.29E-106,0,NA
PC1029,22,5.27E-108,0,NA
PC1029,22.1,2.15E-109,0,NA
PC1029,22.2,8.73E-111,0,NA
PC1029,22.3,3.54E-112,0,NA
PC1029,22.4,1.43E-113,0,NA
PC1029,22.5,5.79E-115,0,NA
PC1029,22.6,2.33E-116,0,NA
PC1029,22.7,9.40E-118,0,NA
PC1029,22.8,3.78E-119,0,NA
PC1029,22.9,1.52E-120,0,NA
PC1029,23,6.07E-122,0,NA
PC1029,23.1,2.43E-123,0,NA
PC1029,23.2,9.68E-125,0,NA
PC1029,23.3,3.86E-126,0,NA
PC1029,23.4,1.53E-127,0,NA
PC1029,23.5,6.09E-129,0,NA
PC1029,23.6,2.42E-130,0,NA
PC1029,23.7,9.56E-132,0,NA
PC1029,23.8,3.78E-133,0,NA
PC1029,23.9,1.49E-134,0,NA
PC1029,24,5.88E-136,0,NA
PC1029,24.1,2.32E-137,0,NA
PC1029,24.2,9.10E-139,0,NA
PC1029,24.3,3.57E-140,0,NA
PC1029,24.4,1.40E-141,0,NA
PC1029,24.5,5.48E-143,0,NA
PC1029,24.6,2.14E-144,0,NA
PC1029,24.7,8.37E-146,0,NA
PC1029,24.8,3.26E-147,0,NA
PC1029,24.9,1.27E-148,0,NA
PC1029,25,5.14E-150,0,NA
GC1048,0.50,3.35E-05,0,320
GC1048,1.50,2.71E-05,0,320
GC1048,2.50,2.20E-05,0,320
GC1048,3.50,1.78E-05,0,320
GC1048,4.50,1.44E-05,0,320
GC1048,5.50,1.17E-05,0,320
GC1048,6.50,9.44E-06,0,320
GC1048,7.50,7.65E-06,0,320
GC1048,8.50,6.19E-06,0,320
GC1048,9.50,5.02E-06,0,320
GC1048,10.50,4.07E-06,0,320
GC1048,11.50,3.30E-06,0,320
GC1048,12.50,2.67E-06,0,320
GC1048,13.50,2.17E-06,0,320
GC1048,14.50,1.76E-06,0,320
GC1048,15.50,1.43E-06,0,320
GC1048,16.50,1.16E-06,0,320
GC1048,17.50,9.45E-07,0,320
GC1048,18.50,7.70E-07,0,320
GC1048,19.50,6.28E-07,0,320
GC1048,20.50,5.13E-07,0,320
GC1048,21.50,4.21E-07,0,320
GC1048,22.50,3.46E-07,0,320
GC1048,23.50,2.85E-07,0,320
GC1048,24.50,2.36E-07,0,320
GC1048,25.50,1.96E-07,0,320
GC1048,26.50,1.64E-07,0,320
GC1048,27.50,1.38E-07,0,320
GC1048,28.50,1.18E-07,0,320
GC1048,29.50,1.01E-07,0,320
GC1048,30.50,8.71E-08,0,320
GC1048,31.50,7.62E-08,0,320
GC1048,32.50,6.74E-08,0,320
GC1048,33.50,6.04E-08,0,320
GC1048,34.50,5.48E-08,0,320
GC1048,35.50,5.02E-08,0,320
GC1048,36.50,4.67E-08,0,320
GC1048,37.50,4.38E-08,0,320
GC1048,38.50,4.16E-08,0,320
GC1048,39.50,3.98E-08,0,320
GC1048,40.50,3.85E-08,0,320
GC1048,41.50,3.75E-08,0,320
GC1048,42.50,3.67E-08,0,320
GC1048,43.50,3.61E-08,0,320
GC1048,44.50,3.57E-08,0,320
GC1048,45.50,3.55E-08,0,320
GC1048,46.50,3.54E-08,0,320
GC1048,47.50,3.53E-08,0,320
GC1048,48.50,3.54E-08,0,320
GC1048,49.50,3.55E-08,0,320
GC1048,50.50,3.56E-08,0,320
GC1048,51.50,3.58E-08,0,320
GC1048,52.50,3.60E-08,0,320
GC1048,53.50,3.63E-08,0,320
GC1048,54.50,3.66E-08,0,320
GC1048,55.50,3.69E-08,0,320
GC1048,56.50,3.72E-08,0,320
GC1048,57.50,3.75E-08,0,320
GC1048,58.50,3.79E-08,0,320
GC1048,59.50,3.82E-08,0,320
GC1048,60.50,3.86E-08,0,320
GC1048,61.50,3.90E-08,0,320
GC1048,62.50,3.94E-08,0,320
GC1048,63.50,3.98E-08,0,320
GC1048,64.50,4.02E-08,0,320
GC1048,65.50,4.06E-08,0,320
GC1048,66.50,4.11E-08,0,320
GC1048,67.50,4.15E-08,0,320
GC1048,68.50,4.19E-08,0,320
GC1048,69.50,4.24E-08,0,320
GC1048,70.50,4.28E-08,0,320
GC1048,71.50,4.33E-08,0,320
GC1048,72.50,4.38E-08,0,320
GC1048,73.50,4.43E-08,0,320
GC1048,74.50,4.48E-08,0,320
GC1048,75.50,4.53E-08,0,320
GC1048,76.50,4.58E-08,0,320
GC1048,77.50,4.63E-08,0,320
GC1048,78.50,4.68E-08,0,320
GC1048,79.50,4.73E-08,0,320
GC1048,80.50,4.79E-08,0,320
GC1048,81.50,4.84E-08,0,320
GC1048,82.50,4.90E-08,0,320
GC1048,83.50,4.96E-08,0,320
GC1048,84.50,5.02E-08,0,320
GC1048,85.50,5.07E-08,0,320
GC1048,86.50,5.14E-08,0,320
GC1048,87.50,5.20E-08,0,320
GC1048,88.50,5.26E-08,0,320
GC1048,89.50,5.32E-08,0,320
GC1048,90.50,5.39E-08,0,320
GC1048,91.50,5.46E-08,0,320
GC1048,92.50,5.52E-08,0,320
GC1048,93.50,5.59E-08,0,320
GC1048,94.50,5.66E-08,0,320
GC1048,95.50,5.74E-08,0,320
GC1048,96.50,5.81E-08,0,320
GC1048,97.50,5.89E-08,0,320
GC1048,98.50,5.96E-08,0,320
GC1048,99.50,6.04E-08,0,320
GC1048,100.50,6.12E-08,0,320
GC1048,101.50,6.20E-08,0,320
GC1048,102.50,6.29E-08,0,320
GC1048,103.50,6.37E-08,0,320
GC1048,104.50,6.46E-08,0,320
GC1048,105.50,6.55E-08,0,320
GC1048,106.50,6.64E-08,0,320
GC1048,107.50,6.74E-08,0,320
GC1048,108.50,6.83E-08,0,320
GC1048,109.50,6.93E-08,0,320
GC1048,110.50,7.03E-08,0,320
GC1048,111.50,7.14E-08,0,320
GC1048,112.50,7.24E-08,0,320
GC1048,113.50,7.35E-08,0,320
GC1048,114.50,7.46E-08,0,320
GC1048,115.50,7.57E-08,0,320
GC1048,116.50,7.69E-08,0,320
GC1048,117.50,7.81E-08,0,320
GC1048,118.50,7.93E-08,0,320
GC1048,119.50,8.06E-08,0,320
GC1048,120.50,8.19E-08,0,320
GC1048,121.50,8.32E-08,0,320
GC1048,122.50,8.46E-08,0,320
GC1048,123.50,8.60E-08,0,320
GC1048,124.50,8.75E-08,0,320
GC1048,125.50,8.90E-08,0,320
GC1048,126.50,9.05E-08,0,320
GC1048,127.50,9.21E-08,0,320
GC1048,128.50,9.37E-08,0,320
GC1048,129.50,9.54E-08,0,320
GC1048,130.50,9.71E-08,0,320
GC1048,131.50,9.88E-08,0,320
GC1048,132.50,1.01E-07,0,320
GC1048,133.50,1.03E-07,0,320
GC1048,134.50,1.04E-07,0,320
GC1048,135.50,1.06E-07,0,320
GC1048,136.50,1.09E-07,0,320
GC1048,137.50,1.11E-07,0,320
GC1048,138.50,1.13E-07,0,320
GC1048,139.50,1.15E-07,0,320
GC1048,140.50,1.17E-07,0,320
GC1048,141.50,1.20E-07,0,320
GC1048,142.50,1.22E-07,0,320
GC1048,143.50,1.25E-07,0,320
GC1048,144.50,1.28E-07,0,320
GC1048,145.50,1.30E-07,0,320
GC1048,146.50,1.33E-07,0,320
GC1048,147.50,1.36E-07,0,320
GC1048,148.50,1.39E-07,0,320
GC1048,149.50,1.42E-07,0,320
GC1048,150.50,1.46E-07,0,320
GC1048,151.50,1.49E-07,0,320
GC1048,152.50,1.53E-07,0,320
GC1048,153.50,1.56E-07,0,320
GC1048,154.50,1.60E-07,0,320
GC1048,155.50,1.64E-07,0,320
GC1048,156.50,1.68E-07,0,320
GC1048,157.50,1.72E-07,0,320
GC1048,158.50,1.77E-07,0,320
GC1048,159.50,1.81E-07,0,320
GC1048,160.50,1.86E-07,0,320
GC1048,161.50,1.91E-07,0,320
GC1048,162.50,1.96E-07,0,320
GC1048,163.50,2.01E-07,0,320
GC1048,164.50,2.07E-07,0,320
GC1048,165.50,2.13E-07,0,320
GC1048,166.50,2.19E-07,0,320
GC1048,167.50,2.25E-07,0,320
GC1048,168.50,2.32E-07,0,320
GC1048,169.50,2.38E-07,0,320
GC1048,170.50,2.46E-07,0,320
GC1048,171.50,2.53E-07,0,320
GC1048,172.50,2.61E-07,0,320
GC1048,173.50,2.69E-07,0,320
GC1048,174.50,2.77E-07,0,320
GC1048,175.50,2.86E-07,0,320
GC1048,176.50,2.95E-07,0,320
GC1048,177.50,3.05E-07,0,320
GC1048,178.50,3.15E-07,0,320
GC1048,179.50,3.25E-07,0,320
GC1048,180.50,3.36E-07,0,320
GC1048,181.50,3.48E-07,0,320
GC1048,182.50,3.60E-07,0,320
GC1048,183.50,3.73E-07,0,320
GC1048,184.50,3.86E-07,0,320
GC1048,185.50,4.00E-07,0,320
GC1048,186.50,4.15E-07,0,320
GC1048,187.50,4.30E-07,0,320
GC1048,188.50,4.47E-07,0,320
GC1048,189.50,4.64E-07,0,320
GC1048,190.50,4.82E-07,0,320
GC1048,191.50,5.01E-07,0,320
GC1048,192.50,5.21E-07,0,320
GC1048,193.50,5.42E-07,0,320
GC1048,194.50,5.65E-07,0,320
GC1048,195.50,5.89E-07,0,320
GC1048,196.50,6.14E-07,0,320
GC1048,197.50,6.41E-07,0,320
GC1048,198.50,6.70E-07,0,320
GC1048,199.50,7.01E-07,0,320
GC1048,200.50,7.34E-07,0,320
GC1048,201.50,7.70E-07,0,320
GC1048,202.50,8.09E-07,0,320
GC1048,203.50,8.51E-07,0,320
GC1048,204.50,8.97E-07,0,320
GC1048,205.50,9.47E-07,0,320
GC1048,206.50,1.00E-06,0,320
GC1048,207.50,1.06E-06,0,320
GC1048,208.50,1.13E-06,0,320
GC1048,209.50,1.21E-06,0,320
GC1048,210.50,1.29E-06,0,320
GC1048,211.50,1.39E-06,0,320
GC1048,212.50,1.50E-06,0,320
GC1048,213.50,1.62E-06,0,320
GC1048,214.50,1.77E-06,0,320
GC1048,215.50,1.93E-06,0,320
GC1048,216.50,2.13E-06,0,320
GC1048,217.50,2.36E-06,0,320
GC1048,218.50,2.63E-06,0,320
GC1048,219.50,2.95E-06,0,320
GC1048,220.50,3.33E-06,0,320
GC1048,221.50,3.79E-06,0,320
GC1048,222.50,4.34E-06,0,320
GC1048,223.50,5.00E-06,0,320
GC1048,224.50,5.80E-06,0,320
GC1048,225.50,6.77E-06,0,320
GC1048,226.50,7.95E-06,0,320
GC1048,227.50,9.38E-06,0,320
GC1048,228.50,1.11E-05,0,320
GC1048,229.50,1.33E-05,0,320
GC1048,230.50,1.59E-05,0,320
GC1048,231.50,1.91E-05,0,320
GC1048,232.50,2.31E-05,0,320
GC1048,233.50,2.79E-05,0,320
GC1048,234.50,3.39E-05,0,320
GC1048,235.50,4.13E-05,0,320
GC1048,236.50,5.04E-05,0,320
GC1048,237.50,6.16E-05,0,320
GC1048,238.50,7.54E-05,0,320
GC1048,239.50,9.24E-05,0,320
GC1048,240.50,1.13E-04,0,320
GC1048,241.50,1.39E-04,0,320
GC1048,242.50,1.71E-04,0,320
GC1048,243.50,2.11E-04,0,320
GC1048,244.50,2.60E-04,0,320
GC1048,245.50,3.20E-04,0,320
GC1048,246.50,3.95E-04,0,320
GC1048,247.50,4.87E-04,0,320
GC1048,248.50,6.02E-04,0,320
GC1048,249.50,7.43E-04,0,320
GC1048,250.50,9.17E-04,0,320
GC1048,251.50,1.13E-03,0,320
GC1048,252.50,1.40E-03,0,320
GC1048,253.50,1.73E-03,0,320
GC1048,254.50,2.14E-03,0,320
GC1048,255.50,2.64E-03,0,320
GC1048,256.50,3.26E-03,0,320
GC1048,257.50,4.03E-03,0,320
GC1048,258.50,4.98E-03,0,320
GC1048,259.50,6.15E-03,0,320
GC1048,260.50,7.60E-03,0,320
GC1048,261.50,9.39E-03,0,320
GC1048,262.50,1.16E-02,0,320
GC1048,263.50,1.43E-02,0,320
GC1048,264.50,1.77E-02,0,320
GC1048,265.50,2.19E-02,0,320
GC1048,266.50,2.70E-02,0,320
GC1048,267.50,3.34E-02,0,320
GC1048,268.50,4.12E-02,0,320
GC1048,269.50,5.09E-02,0,320
GC1048,270.50,6.28E-02,0,320
GC1048,271.50,7.76E-02,0,320
GC1048,272.50,9.57E-02,0,320
GC1048,273.50,1.18E-01,0,320
GC1048,274.50,1.46E-01,0,320
GC1048,275.50,1.80E-01,0,320
GC1048,276.50,2.21E-01,0,320
GC1048,277.50,2.73E-01,0,320
GC1048,278.50,3.36E-01,0,320
GC1048,279.50,4.13E-01,0,320
GC1048,280.50,5.08E-01,0,320
GC1048,281.50,6.25E-01,0,320
GC1048,282.50,7.68E-01,0,320
GC1048,283.50,9.43E-01,0,320
GC1048,284.50,1.16E+00,0,320
GC1048,285.50,1.42E+00,0,320
GC1048,286.50,1.73E+00,0,320
GC1048,287.50,2.11E+00,0,320
GC1048,288.50,2.58E+00,0,320
GC1048,289.50,3.13E+00,0,320
GC1048,290.50,3.80E+00,0,320
GC1048,291.50,4.59E+00,0,320
GC1048,292.50,5.52E+00,0,320
GC1048,293.50,6.61E+00,0,320
GC1048,294.50,7.87E+00,0,320
GC1048,295.50,9.30E+00,0,320
GC1048,296.50,1.09E+01,0,320
GC1048,297.50,1.26E+01,0,320
GC1048,298.50,1.43E+01,0,320
GC1048,299.50,1.60E+01,0,320
GC1048,300.50,1.74E+01,0,320
GC1048,301.50,1.84E+01,0,320
GC1048,302.50,1.87E+01,0,320
GC1048,303.50,1.82E+01,0,320
GC1048,304.50,1.66E+01,0,320
GC1048,305.50,1.43E+01,0,320
GC1048,306.50,1.16E+01,0,320
GC1048,307.50,8.78E+00,0,320
GC1048,308.50,0.00E+00,0,320
GC1048,309.50,0.00E+00,0,320
GC1048,310.50,0.00E+00,0,320
GC1048,311.50,0.00E+00,0,320
GC1048,312.50,0.00E+00,0,320
GC1048,313.50,0.00E+00,0,320
GC1048,314.50,0.00E+00,0,320
GC1048,315.50,0.00E+00,0,320
GC1048,316.50,0.00E+00,0,320
GC1048,317.50,0.00E+00,0,320
GC1048,318.50,0.00E+00,0,320
GC1048,319.50,0.00E+00,0,320
GC1048,320.50,0.00E+00,0,320
GC1048,321.50,0.00E+00,0,320
GC1048,322.50,0.00E+00,0,320
GC1048,323.50,0.00E+00,0,320
GC1048,324.50,0.00E+00,0,320
GC1048,325.50,0.00E+00,0,320
GC1048,326.50,0.00E+00,0,320
GC1048,327.50,0.00E+00,0,320
GC1048,328.50,0.00E+00,0,320
GC1048,329.50,0.00E+00,0,320
GC1048,330.50,0.00E+00,0,320
GC1048,331.50,0.00E+00,0,320
GC1048,332.50,0.00E+00,0,320
GC1048,333.50,0.00E+00,0,320
GC1048,334.50,0.00E+00,0,320
GC1048,335.50,0.00E+00,0,320
GC1048,336.50,0.00E+00,0,320
GC1048,337.50,0.00E+00,0,320
GC1048,338.50,0.00E+00,0,320
GC1048,339.50,0.00E+00,0,320
GC1048,340.50,0.00E+00,0,320
GC1048,341.50,0.00E+00,0,320
GC1048,342.50,0.00E+00,0,320
GC1048,343.50,0.00E+00,0,320
GC1048,344.50,0.00E+00,0,320
GC1048,345.50,0.00E+00,0,320
GC1048,346.50,0.00E+00,0,320
GC1048,347.50,0.00E+00,0,320
GC1048,348.50,0.00E+00,0,320
GC1048,349.50,0.00E+00,0,320
GC1045,130,0.000180427,10,82
GC1045,132.5,0.000489836,10,82
GC1045,135,0.001329699,10,82
GC1045,137.5,0.003609041,10,82
GC1045,140,0.009794795,10,82
GC1045,142.5,0.02657726,10,82
GC1045,145,0.07209589,10,82
GC1045,147.5,0.195473973,10,82
GC1045,150,0.529479452,10,82
GC1045,152.5,1.431205479,10,82
GC1045,155,3.849589041,10,82
GC1045,157.5,10.23287671,10,82
GC1045,160,26.41863014,10,82
GC1045,162.5,63.56986301,10,82
GC1045,165,130.4383562,10,82
GC1045,167.5,182.2082192,10,82
GC1045,170,68.59178082,10,82
GC1045,172.5,6.593972603,10,82
GC1045,175,0.444082192,10,82
GC1045,120,0.000191515,9,82
GC1045,122.5,0.000519945,9,82
GC1045,125,0.001411507,9,82
GC1045,127.5,0.003831233,9,82
GC1045,130,0.010398356,9,82
GC1045,132.5,0.028216438,9,82
GC1045,135,0.076547945,9,82
GC1045,137.5,0.207556164,9,82
GC1045,140,0.562219178,9,82
GC1045,142.5,1.519561644,9,82
GC1045,145,4.086027397,9,82
GC1045,147.5,10.8509589,9,82
GC1045,150,27.94520548,9,82
GC1045,152.5,66.8630137,9,82
GC1045,155,135.5780822,9,82
GC1045,157.5,184.1260274,9,82
GC1045,160,64.9890411,9,82
GC1045,162.5,6.062739726,9,82
GC1045,165,0.404438356,9,82
GC1045,167.5,0.024553973,9,82
GC1045,170,0.001417699,9,82
GC1045,172.5,7.92E-05,9,82
GC1045,175,4.32E-06,9,82
GC1045,110,0.000202011,8,82
GC1045,112.5,0.000548466,8,82
GC1045,115,0.001488932,8,82
GC1045,117.5,0.004041644,8,82
GC1045,120,0.010969863,8,82
GC1045,122.5,0.029769863,8,82
GC1045,125,0.080764384,8,82
GC1045,127.5,0.21899726,8,82
GC1045,130,0.593205479,8,82
GC1045,132.5,1.603178082,8,82
GC1045,135,4.309589041,8,82
GC1045,137.5,11.43452055,8,82
GC1045,140,29.38356164,8,82
GC1045,142.5,69.93150685,8,82
GC1045,145,140.2931507,8,82
GC1045,147.5,185.8356164,8,82
GC1045,150,62.12876712,8,82
GC1045,152.5,5.654520548,8,82
GC1045,155,0.374109589,8,82
GC1045,157.5,0.022606301,8,82
GC1045,160,0.001301014,8,82
GC1045,162.5,7.25E-05,8,82
GC1045,165,3.95E-06,8,82
GC1045,167.5,2.12E-07,8,82
GC1045,170,1.12E-08,8,82
GC1045,172.5,5.88E-10,8,82
GC1045,175,3.06E-11,8,82
GC1045,100,0.000211751,7,82
GC1045,102.5,0.000574932,7,82
GC1045,105,0.001560822,7,82
GC1045,107.5,0.004236986,7,82
GC1045,110,0.011500274,7,82
GC1045,112.5,0.031210959,7,82
GC1045,115,0.084676712,7,82
GC1045,117.5,0.229616438,7,82
GC1045,120,0.621972603,7,82
GC1045,122.5,1.680767123,7,82
GC1045,125,4.516712329,7,82
GC1045,127.5,11.97479452,7,82
GC1045,130,30.70958904,7,82
GC1045,132.5,72.74246575,7,82
GC1045,135,144.5616438,7,82
GC1045,137.5,187.490411,7,82
GC1045,140,60,7,82
GC1045,142.5,5.352876712,7,82
GC1045,145,0.351643836,7,82
GC1045,147.5,0.021159452,7,82
GC1045,150,0.001214219,7,82
GC1045,152.5,6.75E-05,7,82
GC1045,155,3.67E-06,7,82
GC1045,157.5,1.97E-07,7,82
GC1045,160,1.04E-08,7,82
GC1045,162.5,5.45E-10,7,82
GC1045,165,2.84E-11,7,82
GC1045,167.5,1.47E-12,7,82
GC1045,170,7.55E-14,7,82
GC1045,172.5,3.87E-15,7,82
GC1045,175,1.98E-16,7,82
GC1045,90,0.000229362,6,82
GC1045,92.5,0.00062274,6,82
GC1045,95,0.001690712,6,82
GC1045,97.5,0.004589863,6,82
GC1045,100,0.012458904,6,82
GC1045,102.5,0.033813699,6,82
GC1045,105,0.091742466,6,82
GC1045,107.5,0.248780822,6,82
GC1045,110,0.673835616,6,82
GC1045,112.5,1.820465753,6,82
GC1045,115,4.889041096,6,82
GC1045,117.5,12.94109589,6,82
GC1045,120,33.05753425,6,82
GC1045,122.5,77.60547945,6,82
GC1045,125,151.4520548,6,82
GC1045,127.5,187.0493151,6,82
GC1045,130,54.04109589,6,82
GC1045,132.5,4.639178082,6,82
GC1045,135,0.301452055,6,82
GC1045,137.5,0.018032603,6,82
GC1045,140,0.001030685,6,82
GC1045,142.5,5.72E-05,6,82
GC1045,145,3.10E-06,6,82
GC1045,147.5,1.66E-07,6,82
GC1045,150,8.76E-09,6,82
GC1045,152.5,4.59E-10,6,82
GC1045,155,2.38E-11,6,82
GC1045,80,0.000228041,5,82
GC1045,82.5,0.000619178,5,82
GC1045,85,0.001681014,5,82
GC1045,87.5,0.004563562,5,82
GC1045,90,0.012387397,5,82
GC1045,92.5,0.033619178,5,82
GC1045,95,0.091219178,5,82
GC1045,97.5,0.247372603,5,82
GC1045,100,0.670082192,5,82
GC1045,102.5,1.810520548,5,82
GC1045,105,4.863287671,5,82
GC1045,107.5,12.87780822,5,82
GC1045,110,32.91780822,5,82
GC1045,112.5,77.39178082,5,82
GC1045,115,151.6164384,5,82
GC1045,117.5,191.2027397,5,82
GC1045,120,58.01917808,5,82
GC1045,122.5,5.041369863,5,82
GC1045,125,0.327561644,5,82
GC1045,127.5,0.019575342,5,82
GC1045,130,0.001117863,5,82
GC1045,132.5,6.19E-05,5,82
GC1045,135,3.36E-06,5,82
GC1045,137.5,1.80E-07,5,82
GC1045,140,9.63E-09,5,82
GC1045,142.5,3.59E-10,5,82
GC1045,145,6.86E-11,5,82
GC1045,147.5,3.43E-12,5,82
GC1045,150,6.21E-14,5,82
GC1045,152.5,5.50E-14,5,82
GC1045,155,5.58E-15,5,82
GC1045,157.5,3.38E-16,5,82
GC1045,160,6.36E-17,5,82
GC1045,162.5,1.51E-18,5,82
GC1045,165,2.38E-20,5,82
GC1045,167.5,1.72E-22,5,82
GC1045,170,2.23E-22,5,82
GC1045,172.5,2.51E-23,5,82
GC1045,175,2.06E-25,5,82
GC1045,70,0.000234595,4,82
GC1045,72.5,0.000636986,4,82
GC1045,75,0.001729397,4,82
GC1045,77.5,0.004694795,4,82
GC1045,80,0.012744384,4,82
GC1045,82.5,0.034589041,4,82
GC1045,85,0.093852055,4,82
GC1045,87.5,0.254515068,4,82
GC1045,90,0.689424658,4,82
GC1045,92.5,1.862739726,4,82
GC1045,95,5.002739726,4,82
GC1045,97.5,13.24109589,4,82
GC1045,100,33.80547945,4,82
GC1045,102.5,79.25753425,4,82
GC1045,105,154.4821918,4,82
GC1045,107.5,193.3917808,4,82
GC1045,110,58.01643836,4,82
GC1045,112.5,5.002191781,4,82
GC1045,115,0.323643836,4,82
GC1045,117.5,0.019287123,4,82
GC1045,120,0.001099178,4,82
GC1045,122.5,6.08E-05,4,82
GC1045,125,3.30E-06,4,82
GC1045,127.5,1.76E-07,4,82
GC1045,130,9.28E-09,4,82
GC1045,132.5,4.86E-10,4,82
GC1045,135,2.53E-11,4,82
GC1045,137.5,8.78E-13,4,82
GC1045,140,2.26E-12,4,82
GC1045,142.5,4.46E-12,4,82
GC1045,145,3.25E-12,4,82
GC1045,147.5,8.96E-13,4,82
GC1045,150,5.12E-14,4,82
GC1045,152.5,1.29E-14,4,82
GC1045,155,4.39E-16,4,82
GC1045,157.5,2.45E-16,4,82
GC1045,160,2.18E-17,4,82
GC1045,162.5,2.17E-18,4,82
GC1045,165,8.51E-21,4,82
GC1045,167.5,1.01E-21,4,82
GC1045,170,1.87E-22,4,82
GC1045,172.5,1.59E-23,4,82
GC1045,175,2.63E-25,4,82
GC1045,50,4.41E-06,3,82
GC1045,52.5,1.20E-05,3,82
GC1045,55,3.25E-05,3,82
GC1045,57.5,8.83E-05,3,82
GC1045,60,0.000239849,3,82
GC1045,62.5,0.000651233,3,82
GC1045,65,0.001768137,3,82
GC1045,67.5,0.004800274,3,82
GC1045,70,0.013030411,3,82
GC1045,72.5,0.035367123,3,82
GC1045,75,0.095961644,3,82
GC1045,77.5,0.260238356,3,82
GC1045,80,0.704931507,3,82
GC1045,82.5,1.90460274,3,82
GC1045,85,5.114794521,3,82
GC1045,87.5,13.53287671,3,82
GC1045,90,34.52054795,3,82
GC1045,92.5,80.76164384,3,82
GC1045,95,156.8630137,3,82
GC1045,97.5,195.8876712,3,82
GC1045,100,58.72876712,3,82
GC1045,102.5,5.043561644,3,82
GC1045,105,0.325232877,3,82
GC1045,107.5,0.019333973,3,82
GC1045,110,0.001099918,3,82
GC1045,112.5,6.08E-05,3,82
GC1045,115,3.29E-06,3,82
GC1045,117.5,1.75E-07,3,82
GC1045,120,9.25E-09,3,82
GC1045,122.5,4.84E-10,3,82
GC1045,125,2.51E-11,3,82
GC1045,127.5,1.30E-12,3,82
GC1045,130,6.67E-14,3,82
GC1045,132.5,3.04E-15,3,82
GC1045,135,6.39E-15,3,82
GC1045,137.5,6.44E-14,3,82
GC1045,140,3.77E-13,3,82
GC1045,142.5,9.83E-13,3,82
GC1045,145,9.66E-13,3,82
GC1045,147.5,3.67E-13,3,82
GC1045,150,3.75E-14,3,82
GC1045,152.5,5.62E-15,3,82
GC1045,155,2.36E-17,3,82
GC1045,157.5,1.66E-16,3,82
GC1045,160,1.11E-17,3,82
GC1045,162.5,1.99E-18,3,82
GC1045,165,1.76E-21,3,82
GC1045,167.5,3.27E-22,3,82
GC1045,170,1.22E-22,3,82
GC1045,172.5,1.05E-23,3,82
GC1045,175,4.83E-25,3,82
GC1045,0,1.32E-09,0,82
GC1045,2.5,4.08E-09,0,82
GC1045,5,1.13E-08,0,82
GC1045,7.5,3.07E-08,0,82
GC1045,10,8.34E-08,0,82
GC1045,12.5,2.27E-07,0,82
GC1045,15,6.15E-07,0,82
GC1045,17.5,1.67E-06,0,82
GC1045,20,4.54E-06,0,82
GC1045,22.5,1.23E-05,0,82
GC1045,25,3.35E-05,0,82
GC1045,27.5,9.10E-05,0,82
GC1045,30,0.000246995,0,82
GC1045,32.5,0.000670658,0,82
GC1045,35,0.001820822,0,82
GC1045,37.5,0.004943288,0,82
GC1045,40,0.013418356,0,82
GC1045,42.5,0.036419178,0,82
GC1045,45,0.098819178,0,82
GC1045,47.5,0.267994521,0,82
GC1045,50,0.726,0,82
GC1045,52.5,1.961643836,0,82
GC1045,55,5.268219178,0,82
GC1045,57.5,13.9369863,0,82
GC1045,60,35.5260274,0,82
GC1045,62.5,82.97534247,0,82
GC1045,65,160.9506849,0,82
GC1045,67.5,205.1506849,0,82
GC1045,70,65.52328767,0,82
GC1045,72.5,5.688767123,0,82
GC1045,75,0.36490411,0,82
GC1045,77.5,0.021586301,0,82
GC1045,80,0.001223342,0,82
GC1045,82.5,6.74E-05,0,82
GC1045,85,3.64E-06,0,82
GC1045,87.5,1.94E-07,0,82
GC1045,90,1.02E-08,0,82
GC1045,92.5,5.33E-10,0,82
GC1045,95,2.76E-11,0,82
GC1045,97.5,1.43E-12,0,82
GC1045,100,7.34E-14,0,82
GC1045,102.5,3.76E-15,0,82
GC1045,105,1.92E-16,0,82
GC1045,107.5,9.79E-18,0,82
GC1045,110,4.98E-19,0,82
GC1045,112.5,2.53E-20,0,82
GC1045,115,1.29E-21,0,82
GC1045,117.5,6.39E-23,0,82
GC1045,120,4.79E-24,0,82
GC1045,122.5,4.02E-23,0,82
GC1045,125,2.48E-21,0,82
GC1045,127.5,1.13E-19,0,82
GC1045,130,3.76E-18,0,82
GC1045,132.5,9.00E-17,0,82
GC1045,135,1.49E-15,0,82
GC1045,137.5,1.61E-14,0,82
GC1045,140,1.02E-13,0,82
GC1045,142.5,3.12E-13,0,82
GC1045,145,3.77E-13,0,82
GC1045,147.5,1.79E-13,0,82
GC1045,150,2.53E-14,0,82
GC1045,152.5,2.70E-15,0,82
GC1045,155,1.28E-16,0,82
GC1045,157.5,1.16E-16,0,82
GC1045,160,5.91E-18,0,82
GC1045,162.5,1.75E-18,0,82
GC1045,165,1.25E-20,0,82
GC1045,167.5,2.22E-22,0,82
GC1045,170,7.92E-23,0,82
GC1045,172.5,7.21E-24,0,82
GC1045,175,5.91E-25,0,82
GC1081,87.5,0.000182581,7,56
GC1081,90,0.000494767,7,56
GC1081,92.5,0.00134063,7,56
GC1081,95,0.003632329,7,56
GC1081,97.5,0.009840274,7,56
GC1081,100,0.026652329,7,56
GC1081,102.5,0.072164384,7,56
GC1081,105,0.195263014,7,56
GC1081,107.5,0.527726027,7,56
GC1081,110,1.422794521,7,56
GC1081,112.5,3.815342466,7,56
GC1081,115,10.10383562,7,56
GC1081,117.5,25.95561644,7,56
GC1081,120,61.95616438,7,56
GC1081,122.5,124.4465753,7,56
GC1081,125,152.4712329,7,56
GC1081,127.5,42.23835616,7,56
GC1081,130,3.798082192,7,56
GC1081,132.5,0.259134247,7,56
GC1081,135,0.01607863,7,56
GC1081,137.5,0.000944712,7,56
GC1081,140,5.35E-05,7,56
GC1081,142.5,2.95E-06,7,56
GC1081,145,1.60E-07,7,56
GC1081,147.5,8.54E-09,7,56
GC1081,150,4.51E-10,7,56
GC1081,37.5,0.00019643,2,56
GC1081,40,0.000532411,2,56
GC1081,42.5,0.001442904,2,56
GC1081,45,0.003910137,2,56
GC1081,47.5,0.010595616,2,56
GC1081,50,0.02870411,2,56
GC1081,52.5,0.077742466,2,56
GC1081,55,0.210424658,2,56
GC1081,57.5,0.56890411,2,56
GC1081,60,1.534273973,2,56
GC1081,62.5,4.115342466,2,56
GC1081,65,10.89534247,2,56
GC1081,67.5,27.94794521,2,56
GC1081,70,66.43287671,2,56
GC1081,72.5,132.6191781,2,56
GC1081,75,164.8684932,2,56
GC1081,77.5,47.1890411,2,56
GC1081,80,4.195342466,2,56
GC1081,82.5,0.281643836,2,56
GC1081,85,0.01726,2,56
GC1081,87.5,0.001004658,2,56
GC1081,90,5.65E-05,2,56
GC1081,92.5,3.10E-06,2,56
GC1081,95,1.67E-07,2,56
GC1081,97.5,8.90E-09,2,56
GC1081,100,4.68E-10,2,56
GC1081,102.5,2.45E-11,2,56
GC1081,105,1.27E-12,2,56
GC1081,107.5,6.55E-14,2,56
GC1081,110,3.37E-15,2,56
GC1081,112.5,1.73E-16,2,56
GC1081,115,8.83E-18,2,56
GC1081,117.5,4.50E-19,2,56
GC1081,120,2.29E-20,2,56
GC1081,122.5,1.17E-21,2,56
GC1081,125,4.99E-23,2,56
GC1081,127.5,3.49E-22,2,56
GC1081,130,9.53E-21,2,56
GC1081,132.5,1.85E-19,2,56
GC1081,135,2.41E-18,2,56
GC1081,137.5,1.92E-17,2,56
GC1081,140,7.85E-17,2,56
GC1081,142.5,1.05E-16,2,56
GC1081,145,4.94E-18,2,56
GC1081,147.5,1.16E-17,2,56
GC1081,150,9.72E-18,2,56
GC1081,27.5,0.000189649,1,56
GC1081,30,0.000514027,1,56
GC1081,32.5,0.001393151,1,56
GC1081,35,0.003775342,1,56
GC1081,37.5,0.010229863,1,56
GC1081,40,0.027715068,1,56
GC1081,42.5,0.075063014,1,56
GC1081,45,0.203189041,1,56
GC1081,47.5,0.54939726,1,56
GC1081,50,1.482136986,1,56
GC1081,52.5,3.977260274,1,56
GC1081,55,10.54054795,1,56
GC1081,57.5,27.09287671,1,56
GC1081,60,64.70410959,1,56
GC1081,62.5,130.6109589,1,56
GC1081,65,169.8027397,1,56
GC1081,67.5,53.34794521,1,56
GC1081,70,4.872328767,1,56
GC1081,72.5,0.32830137,1,56
GC1081,75,0.020135616,1,56
GC1081,77.5,0.001172329,1,56
GC1081,80,6.59E-05,1,56
GC1081,82.5,3.62E-06,1,56
GC1081,85,1.95E-07,1,56
GC1081,87.5,1.04E-08,1,56
GC1081,90,5.47E-10,1,56
GC1081,92.5,2.85E-11,1,56
GC1081,95,1.49E-12,1,56
GC1081,97.5,7.57E-14,1,56
GC1081,100,3.70E-15,1,56
GC1081,102.5,2.35E-16,1,56
GC1081,105,7.65E-18,1,56
GC1081,107.5,5.39E-19,1,56
GC1081,110,3.24E-20,1,56
GC1081,112.5,2.03E-21,1,56
GC1081,115,1.49E-22,1,56
GC1081,117.5,3.75E-24,1,56
GC1081,120,3.12E-25,1,56
GC1081,122.5,1.20E-25,1,56
GC1081,125,7.51E-24,1,56
GC1081,127.5,2.82E-22,1,56
GC1081,130,7.75E-21,1,56
GC1081,132.5,1.51E-19,1,56
GC1081,135,1.97E-18,1,56
GC1081,137.5,1.58E-17,1,56
GC1081,140,6.56E-17,1,56
GC1081,142.5,9.05E-17,1,56
GC1081,145,4.97E-18,1,56
GC1081,147.5,1.04E-17,1,56
GC1081,150,8.82E-18,1,56
GC1081,0,1.46E-07,0,56
GC1081,2.5,4.50E-07,0,56
GC1081,5,1.24E-06,0,56
GC1081,7.5,3.37E-06,0,56
GC1081,10,9.14E-06,0,56
GC1081,12.5,2.48E-05,0,56
GC1081,15,6.72E-05,0,56
GC1081,17.5,0.000182041,0,56
GC1081,20,0.000493425,0,56
GC1081,22.5,0.001337288,0,56
GC1081,25,0.00362411,0,56
GC1081,27.5,0.009819726,0,56
GC1081,30,0.026603288,0,56
GC1081,32.5,0.072052055,0,56
GC1081,35,0.195049315,0,56
GC1081,37.5,0.527452055,0,56
GC1081,40,1.423260274,0,56
GC1081,42.5,3.821369863,0,56
GC1081,45,10.13753425,0,56
GC1081,47.5,26.11671233,0,56
GC1081,50,62.69589041,0,56
GC1081,52.5,128.0794521,0,56
GC1081,55,174.0931507,0,56
GC1081,57.5,60.63287671,0,56
GC1081,60,5.725479452,0,56
GC1081,62.5,0.38769863,0,56
GC1081,65,0.023809041,0,56
GC1081,67.5,0.001386932,0,56
GC1081,70,7.80E-05,0,56
GC1081,72.5,4.28E-06,0,56
GC1081,75,2.31E-07,0,56
GC1081,77.5,1.23E-08,0,56
GC1081,80,6.46E-10,0,56
GC1081,82.5,3.39E-11,0,56
GC1081,85,1.76E-12,0,56
GC1081,87.5,8.33E-14,0,56
GC1081,90,5.01E-15,0,56
GC1081,92.5,1.17E-15,0,56
GC1081,95,8.05E-16,0,56
GC1081,97.5,1.88E-16,0,56
GC1081,100,2.38E-17,0,56
GC1081,102.5,1.11E-17,0,56
GC1081,105,1.31E-18,0,56
GC1081,107.5,4.44E-20,0,56
GC1081,110,3.15E-21,0,56
GC1081,112.5,2.28E-22,0,56
GC1081,115,2.75E-23,0,56
GC1081,117.5,1.88E-24,0,56
GC1081,120,6.17E-27,0,56
GC1081,122.5,1.27E-25,0,56
GC1081,125,6.82E-24,0,56
GC1081,127.5,2.56E-22,0,56
GC1081,130,7.03E-21,0,56
GC1081,132.5,1.37E-19,0,56
GC1081,135,1.79E-18,0,56
GC1081,137.5,1.44E-17,0,56
GC1081,140,6.02E-17,0,56
GC1081,142.5,8.41E-17,0,56
GC1081,145,4.95E-18,0,56
GC1081,147.5,9.81E-18,0,56
GC1081,150,8.43E-18,0,56
GC1081,0,7.53E-06,-1,56
GC1081,2.5,2.32E-05,-1,56
GC1081,5,6.39E-05,-1,56
GC1081,7.5,0.000173658,-1,56
GC1081,10,0.000470849,-1,56
GC1081,12.5,0.001276219,-1,56
GC1081,15,0.00345863,-1,56
GC1081,17.5,0.009371233,-1,56
GC1081,20,0.025387671,-1,56
GC1081,22.5,0.068758904,-1,56
GC1081,25,0.186136986,-1,56
GC1081,27.5,0.50339726,-1,56
GC1081,30,1.358630137,-1,56
GC1081,32.5,3.649589041,-1,56
GC1081,35,9.692328767,-1,56
GC1081,37.5,25.0309589,-1,56
GC1081,40,60.42465753,-1,56
GC1081,42.5,125.0164384,-1,56
GC1081,45,177.5013699,-1,56
GC1081,47.5,69.14246575,-1,56
GC1081,50,6.803287671,-1,56
GC1081,52.5,0.463589041,-1,56
GC1081,55,0.028520548,-1,56
GC1081,57.5,0.001662822,-1,56
GC1081,60,9.36E-05,-1,56
GC1081,62.5,5.14E-06,-1,56
GC1081,65,2.77E-07,-1,56
GC1081,67.5,1.47E-08,-1,56
GC1081,70,7.76E-10,-1,56
GC1081,72.5,4.07E-11,-1,56
GC1081,75,2.07E-12,-1,56
GC1081,77.5,9.81E-14,-1,56
GC1081,80,1.51E-14,-1,56
GC1081,82.5,6.65E-15,-1,56
GC1081,85,8.18E-16,-1,56
GC1081,87.5,7.53E-16,-1,56
GC1081,90,1.46E-16,-1,56
GC1081,92.5,2.00E-16,-1,56
GC1081,95,2.44E-16,-1,56
GC1081,97.5,7.99E-17,-1,56
GC1081,100,6.55E-18,-1,56
GC1081,102.5,5.93E-18,-1,56
GC1081,105,9.09E-19,-1,56
GC1081,107.5,4.29E-20,-1,56
GC1081,110,2.01E-21,-1,56
GC1081,112.5,1.12E-22,-1,56
GC1081,115,1.57E-23,-1,56
GC1081,117.5,2.01E-24,-1,56
GC1081,120,5.51E-28,-1,56
GC1081,122.5,1.23E-25,-1,56
GC1081,125,6.51E-24,-1,56
GC1081,127.5,2.44E-22,-1,56
GC1081,130,6.71E-21,-1,56
GC1081,132.5,1.31E-19,-1,56
GC1081,135,1.71E-18,-1,56
GC1081,137.5,1.38E-17,-1,56
GC1081,140,5.78E-17,-1,56
GC1081,142.5,8.13E-17,-1,56
GC1081,145,4.94E-18,-1,56
GC1081,147.5,9.56E-18,-1,56
GC1081,150,8.24E-18,-1,56
GC1081,0,0.000385945,-2,56
GC1081,2.5,0.001188356,-2,56
GC1081,5,0.003272877,-2,56
GC1081,7.5,0.008887945,-2,56
GC1081,10,0.024085205,-2,56
GC1081,12.5,0.065232877,-2,56
GC1081,15,0.176589041,-2,56
GC1081,17.5,0.477589041,-2,56
GC1081,20,1.289205479,-2,56
GC1081,22.5,3.464657534,-2,56
GC1081,25,9.210958904,-2,56
GC1081,27.5,23.8490411,-2,56
GC1081,30,57.90958904,-2,56
GC1081,32.5,121.4219178,-2,56
GC1081,35,179.8246575,-2,56
GC1081,37.5,78.98630137,-2,56
GC1081,40,8.174246575,-2,56
GC1081,42.5,0.561506849,-2,56
GC1081,45,0.034627397,-2,56
GC1081,47.5,0.002021178,-2,56
GC1081,50,0.000113836,-2,56
GC1081,52.5,6.25E-06,-2,56
GC1081,55,3.37E-07,-2,56
GC1081,57.5,1.79E-08,-2,56
GC1081,60,9.45E-10,-2,56
GC1081,62.5,4.91E-11,-2,56
GC1081,65,2.61E-12,-2,56
GC1081,67.5,1.29E-13,-2,56
GC1081,70,1.01E-14,-2,56
GC1081,72.5,6.99E-15,-2,56
GC1081,75,3.33E-15,-2,56
GC1081,77.5,7.43E-16,-2,56
GC1081,80,1.65E-15,-2,56
GC1081,82.5,1.60E-15,-2,56
GC1081,85,3.36E-16,-2,56
GC1081,87.5,2.46E-16,-2,56
GC1081,90,7.29E-17,-2,56
GC1081,92.5,9.71E-17,-2,56
GC1081,95,1.38E-16,-2,56
GC1081,97.5,5.24E-17,-2,56
GC1081,100,3.27E-18,-2,56
GC1081,102.5,4.35E-18,-2,56
GC1081,105,7.53E-19,-2,56
GC1081,107.5,4.09E-20,-2,56
GC1081,110,1.56E-21,-2,56
GC1081,112.5,7.44E-23,-2,56
GC1081,115,1.20E-23,-2,56
GC1081,117.5,1.98E-24,-2,56
GC1081,120,1.23E-27,-2,56
GC1081,122.5,1.20E-25,-2,56
GC1081,125,6.37E-24,-2,56
GC1081,127.5,2.39E-22,-2,56
GC1081,130,6.57E-21,-2,56
GC1081,132.5,1.28E-19,-2,56
GC1081,135,1.67E-18,-2,56
GC1081,137.5,1.35E-17,-2,56
GC1081,140,5.67E-17,-2,56
GC1081,142.5,8.00E-17,-2,56
GC1081,145,4.93E-18,-2,56
GC1081,147.5,9.44E-18,-2,56
GC1081,150,8.16E-18,-2,56
GC1068,0.50,3.80E-05,0,108
GC1068,1.50,3.57E-05,0,108
GC1068,2.50,3.48E-05,0,108
GC1068,3.50,3.50E-05,0,108
GC1068,4.50,3.63E-05,0,108
GC1068,5.50,3.90E-05,0,108
GC1068,6.50,4.29E-05,0,108
GC1068,7.50,4.84E-05,0,108
GC1068,8.50,5.55E-05,0,108
GC1068,9.50,6.47E-05,0,108
GC1068,10.50,7.63E-05,0,108
GC1068,11.50,9.07E-05,0,108
GC1068,12.50,1.09E-04,0,108
GC1068,13.50,1.31E-04,0,108
GC1068,14.50,1.58E-04,0,108
GC1068,15.50,1.92E-04,0,108
GC1068,16.50,2.34E-04,0,108
GC1068,17.50,2.86E-04,0,108
GC1068,18.50,3.49E-04,0,108
GC1068,19.50,4.27E-04,0,108
GC1068,20.50,5.24E-04,0,108
GC1068,21.50,6.43E-04,0,108
GC1068,22.50,7.89E-04,0,108
GC1068,23.50,9.69E-04,0,108
GC1068,24.50,1.19E-03,0,108
GC1068,25.50,1.47E-03,0,108
GC1068,26.50,1.80E-03,0,108
GC1068,27.50,2.22E-03,0,108
GC1068,28.50,2.73E-03,0,108
GC1068,29.50,3.36E-03,0,108
GC1068,30.50,4.14E-03,0,108
GC1068,31.50,5.10E-03,0,108
GC1068,32.50,6.28E-03,0,108
GC1068,33.50,7.74E-03,0,108
GC1068,34.50,9.53E-03,0,108
GC1068,35.50,1.17E-02,0,108
GC1068,36.50,1.45E-02,0,108
GC1068,37.50,1.78E-02,0,108
GC1068,38.50,2.19E-02,0,108
GC1068,39.50,2.70E-02,0,108
GC1068,40.50,3.32E-02,0,108
GC1068,41.50,4.09E-02,0,108
GC1068,42.50,5.03E-02,0,108
GC1068,43.50,6.20E-02,0,108
GC1068,44.50,7.62E-02,0,108
GC1068,45.50,9.37E-02,0,108
GC1068,46.50,1.15E-01,0,108
GC1068,47.50,1.42E-01,0,108
GC1068,48.50,1.74E-01,0,108
GC1068,49.50,2.14E-01,0,108
GC1068,50.50,2.63E-01,0,108
GC1068,51.50,3.22E-01,0,108
GC1068,52.50,3.95E-01,0,108
GC1068,53.50,4.84E-01,0,108
GC1068,54.50,5.93E-01,0,108
GC1068,55.50,7.26E-01,0,108
GC1068,56.50,8.88E-01,0,108
GC1068,57.50,1.08E+00,0,108
GC1068,58.50,1.32E+00,0,108
GC1068,59.50,1.61E+00,0,108
GC1068,60.50,1.96E+00,0,108
GC1068,61.50,2.37E+00,0,108
GC1068,62.50,2.87E+00,0,108
GC1068,63.50,3.47E+00,0,108
GC1068,64.50,4.16E+00,0,108
GC1068,65.50,4.98E+00,0,108
GC1068,66.50,5.93E+00,0,108
GC1068,67.50,7.01E+00,0,108
GC1068,68.50,8.21E+00,0,108
GC1068,69.50,9.52E+00,0,108
GC1068,70.50,1.09E+01,0,108
GC1068,71.50,1.23E+01,0,108
GC1068,72.50,1.35E+01,0,108
GC1068,73.50,1.45E+01,0,108
GC1068,74.50,1.50E+01,0,108
GC1068,75.50,1.49E+01,0,108
GC1068,76.50,1.41E+01,0,108
GC1068,77.50,1.26E+01,0,108
GC1068,78.50,1.06E+01,0,108
GC1068,79.50,8.35E+00,0,108
GC1068,80.50,6.22E+00,0,108
GC1068,81.50,4.41E+00,0,108
GC1068,82.50,2.99E+00,0,108
GC1068,83.50,1.96E+00,0,108
GC1068,84.50,1.25E+00,0,108
GC1068,85.50,7.74E-01,0,108
GC1068,86.50,4.72E-01,0,108
GC1068,87.50,2.82E-01,0,108
GC1068,88.50,1.67E-01,0,108
GC1068,89.50,9.70E-02,0,108
GC1068,90.50,5.59E-02,0,108
GC1068,91.50,3.19E-02,0,108
GC1068,92.50,1.81E-02,0,108
GC1068,93.50,1.02E-02,0,108
GC1068,94.50,5.73E-03,0,108
GC1068,95.50,3.23E-03,0,108
GC1068,96.50,1.84E-03,0,108
GC1068,97.50,1.07E-03,0,108
GC1068,98.50,6.38E-04,0,108
GC1068,99.50,4.00E-04,0,108
GC1068,100.50,2.66E-04,0,108
GC1068,101.50,1.90E-04,0,108
GC1068,102.50,1.44E-04,0,108
GC1068,103.50,1.16E-04,0,108
GC1068,104.50,9.79E-05,0,108
GC1068,105.50,8.51E-05,0,108
GC1068,106.50,7.55E-05,0,108
GC1068,107.50,6.79E-05,0,108
GC1068,108.50,6.17E-05,0,108
GC1068,109.50,5.63E-05,0,108
GC1068,110.50,5.17E-05,0,108
GC1068,111.50,4.76E-05,0,108
GC1068,112.50,4.40E-05,0,108
GC1068,113.50,4.07E-05,0,108
GC1068,114.50,3.78E-05,0,108
GC1068,115.50,3.51E-05,0,108
GC1068,116.50,3.27E-05,0,108
GC1068,117.50,3.05E-05,0,108
GC1068,118.50,2.85E-05,0,108
GC1068,119.50,2.67E-05,0,108
GC1068,120.50,2.50E-05,0,108
GC1068,121.50,2.34E-05,0,108
GC1068,122.50,2.20E-05,0,108
GC1068,123.50,2.07E-05,0,108
GC1068,124.50,1.95E-05,0,108
GC1068,125.50,1.84E-05,0,108
GC1068,126.50,1.73E-05,0,108
GC1068,127.50,1.64E-05,0,108
GC1068,128.50,1.55E-05,0,108
GC1068,129.50,1.47E-05,0,108
GC1068,130.50,1.39E-05,0,108
GC1068,131.50,1.32E-05,0,108
GC1068,132.50,1.25E-05,0,108
GC1068,133.50,1.19E-05,0,108
GC1068,134.50,1.13E-05,0,108
GC1068,135.50,1.07E-05,0,108
GC1068,136.50,1.02E-05,0,108
GC1068,137.50,9.72E-06,0,108
GC1068,138.50,9.27E-06,0,108
GC1068,139.50,8.84E-06,0,108
GC1068,140.50,8.44E-06,0,108
GC1068,141.50,8.06E-06,0,108
GC1068,142.50,7.70E-06,0,108
GC1068,143.50,7.37E-06,0,108
GC1068,144.50,7.05E-06,0,108
GC1068,145.50,6.75E-06,0,108
GC1068,146.50,6.46E-06,0,108
GC1068,147.50,6.20E-06,0,108
GC1068,148.50,5.94E-06,0,108
GC1068,149.50,5.70E-06,0,108
GC1068,150.50,5.47E-06,0,108
GC1068,151.50,5.25E-06,0,108
GC1068,152.50,5.05E-06,0,108
GC1068,153.50,4.85E-06,0,108
GC1068,154.50,4.66E-06,0,108
GC1068,155.50,4.49E-06,0,108
GC1068,156.50,4.32E-06,0,108
GC1068,157.50,4.16E-06,0,108
GC1068,158.50,4.00E-06,0,108
GC1068,159.50,3.86E-06,0,108
GC1068,160.50,3.72E-06,0,108
GC1068,161.50,3.59E-06,0,108
GC1068,162.50,3.46E-06,0,108
GC1068,163.50,3.34E-06,0,108
GC1068,164.50,3.22E-06,0,108
GC1068,165.50,3.11E-06,0,108
GC1068,166.50,3.00E-06,0,108
GC1068,167.50,2.90E-06,0,108
GC1068,168.50,2.81E-06,0,108
GC1068,169.50,2.71E-06,0,108
GC1068,170.50,2.62E-06,0,108
GC1068,171.50,2.54E-06,0,108
GC1068,172.50,2.45E-06,0,108
GC1068,173.50,2.38E-06,0,108
GC1068,174.50,2.30E-06,0,108
GC1068,175.50,2.23E-06,0,108
GC1068,176.50,2.16E-06,0,108
GC1068,177.50,2.09E-06,0,108
GC1068,178.50,2.02E-06,0,108
GC1068,179.50,1.96E-06,0,108
GC1068,180.50,1.90E-06,0,108
GC1068,181.50,1.84E-06,0,108
GC1068,182.50,1.79E-06,0,108
GC1068,183.50,1.74E-06,0,108
GC1068,184.50,1.68E-06,0,108
GC1068,185.50,1.63E-06,0,108
GC1068,186.50,1.59E-06,0,108
GC1068,187.50,1.54E-06,0,108
GC1068,188.50,1.50E-06,0,108
GC1068,189.50,1.45E-06,0,108
GC1068,190.50,1.41E-06,0,108
GC1068,191.50,1.37E-06,0,108
GC1068,192.50,1.33E-06,0,108
GC1068,193.50,1.30E-06,0,108
GC1068,194.50,1.26E-06,0,108
GC1068,195.50,1.22E-06,0,108
GC1068,196.50,1.19E-06,0,108
GC1068,197.50,1.16E-06,0,108
GC1068,198.50,1.13E-06,0,108
GC1068,199.50,1.10E-06,0,108
GC1068,200.50,1.07E-06,0,108
GC1068,201.50,1.04E-06,0,108
GC1068,202.50,1.01E-06,0,108
GC1068,203.50,9.84E-07,0,108
GC1068,204.50,9.58E-07,0,108
GC1068,205.50,9.33E-07,0,108
GC1068,206.50,9.09E-07,0,108
GC1068,207.50,8.85E-07,0,108
GC1068,208.50,8.62E-07,0,108
GC1068,209.50,8.40E-07,0,108
GC1068,210.50,8.18E-07,0,108
GC1068,211.50,7.97E-07,0,108
GC1068,212.50,7.77E-07,0,108
GC1068,213.50,7.57E-07,0,108
GC1068,214.50,7.38E-07,0,108
GC1068,215.50,7.20E-07,0,108
GC1068,216.50,7.02E-07,0,108
GC1068,217.50,6.84E-07,0,108
GC1068,218.50,6.67E-07,0,108
GC1068,219.50,6.51E-07,0,108
GC1068,220.50,6.35E-07,0,108
GC1068,221.50,6.19E-07,0,108
GC1068,222.50,6.04E-07,0,108
GC1068,223.50,5.90E-07,0,108
GC1068,224.50,5.75E-07,0,108
GC1068,225.50,5.61E-07,0,108
GC1068,226.50,5.48E-07,0,108
GC1068,227.50,5.35E-07,0,108
GC1068,228.50,5.22E-07,0,108
GC1068,229.50,5.09E-07,0,108
GC1068,230.50,4.97E-07,0,108
GC1068,231.50,4.85E-07,0,108
GC1068,232.50,4.74E-07,0,108
GC1068,233.50,4.63E-07,0,108
GC1068,234.50,4.52E-07,0,108
GC1068,235.50,4.41E-07,0,108
GC1068,236.50,4.31E-07,0,108
GC1068,237.50,4.21E-07,0,108
GC1068,238.50,4.11E-07,0,108
GC1068,239.50,4.01E-07,0,108
GC1068,240.50,3.92E-07,0,108
GC1068,241.50,3.83E-07,0,108
GC1068,242.50,3.74E-07,0,108
GC1068,243.50,3.65E-07,0,108
GC1068,244.50,3.57E-07,0,108
GC1068,245.50,3.49E-07,0,108
GC1068,246.50,3.41E-07,0,108
GC1068,247.50,3.33E-07,0,108
GC1068,248.50,3.25E-07,0,108
GC1068,249.50,3.18E-07,0,108
GC1068,250.50,3.11E-07,0,108
GC1068,251.50,3.04E-07,0,108
GC1068,252.50,2.97E-07,0,108
GC1068,253.50,2.90E-07,0,108
GC1068,254.50,2.83E-07,0,108
GC1068,255.50,2.77E-07,0,108
GC1068,256.50,2.71E-07,0,108
GC1068,257.50,2.64E-07,0,108
GC1068,258.50,2.58E-07,0,108
GC1068,259.50,2.53E-07,0,108
GC1068,260.50,2.47E-07,0,108
GC1068,261.50,2.41E-07,0,108
GC1068,262.50,2.36E-07,0,108
GC1068,263.50,2.30E-07,0,108
GC1068,264.50,2.25E-07,0,108
GC1068,265.50,2.20E-07,0,108
GC1068,266.50,2.15E-07,0,108
GC1068,267.50,2.10E-07,0,108
GC1068,268.50,2.05E-07,0,108
GC1068,269.50,2.01E-07,0,108
GC1068,270.50,1.96E-07,0,108
GC1068,271.50,1.92E-07,0,108
GC1068,272.50,1.87E-07,0,108
GC1068,273.50,1.83E-07,0,108
GC1068,274.50,1.79E-07,0,108
GC1068,275.50,1.75E-07,0,108
GC1068,276.50,1.71E-07,0,108
GC1068,277.50,1.67E-07,0,108
GC1068,278.50,1.63E-07,0,108
GC1068,279.50,1.59E-07,0,108
GC1068,280.50,1.56E-07,0,108
GC1068,281.50,1.52E-07,0,108
GC1068,282.50,1.49E-07,0,108
GC1068,283.50,1.45E-07,0,108
GC1068,284.50,1.42E-07,0,108
GC1068,285.50,1.39E-07,0,108
GC1068,286.50,1.35E-07,0,108
GC1068,287.50,1.32E-07,0,108
GC1068,288.50,1.29E-07,0,108
GC1068,289.50,1.26E-07,0,108
GC1068,290.50,1.23E-07,0,108
GC1068,291.50,1.20E-07,0,108
GC1068,292.50,1.17E-07,0,108
GC1068,293.50,1.15E-07,0,108
GC1068,294.50,1.12E-07,0,108
GC1068,295.50,1.10E-07,0,108
GC1068,296.50,1.08E-07,0,108
GC1068,297.50,1.07E-07,0,108
GC1068,298.50,1.08E-07,0,108
GC1068,299.50,1.14E-07,0,108
GC1068,300.50,1.31E-07,0,108
GC1068,301.50,1.73E-07,0,108
GC1068,302.50,2.71E-07,0,108
GC1068,303.50,4.99E-07,0,108
GC1068,304.50,1.02E-06,0,108
GC1068,305.50,2.22E-06,0,108
GC1068,306.50,4.97E-06,0,108
GC1068,307.50,1.12E-05,0,108
GC1069,0.50,3.44E-05,0,138
GC1069,1.50,2.87E-05,0,138
GC1069,2.50,2.41E-05,0,138
GC1069,3.50,2.04E-05,0,138
GC1069,4.50,1.74E-05,0,138
GC1069,5.50,1.50E-05,0,138
GC1069,6.50,1.31E-05,0,138
GC1069,7.50,1.16E-05,0,138
GC1069,8.50,1.04E-05,0,138
GC1069,9.50,9.51E-06,0,138
GC1069,10.50,8.81E-06,0,138
GC1069,11.50,8.29E-06,0,138
GC1069,12.50,7.91E-06,0,138
GC1069,13.50,7.65E-06,0,138
GC1069,14.50,7.50E-06,0,138
GC1069,15.50,7.44E-06,0,138
GC1069,16.50,7.45E-06,0,138
GC1069,17.50,7.54E-06,0,138
GC1069,18.50,7.68E-06,0,138
GC1069,19.50,7.89E-06,0,138
GC1069,20.50,8.15E-06,0,138
GC1069,21.50,8.47E-06,0,138
GC1069,22.50,8.85E-06,0,138
GC1069,23.50,9.31E-06,0,138
GC1069,24.50,9.83E-06,0,138
GC1069,25.50,1.04E-05,0,138
GC1069,26.50,1.12E-05,0,138
GC1069,27.50,1.20E-05,0,138
GC1069,28.50,1.29E-05,0,138
GC1069,29.50,1.41E-05,0,138
GC1069,30.50,1.54E-05,0,138
GC1069,31.50,1.69E-05,0,138
GC1069,32.50,1.88E-05,0,138
GC1069,33.50,2.10E-05,0,138
GC1069,34.50,2.36E-05,0,138
GC1069,35.50,2.67E-05,0,138
GC1069,36.50,3.04E-05,0,138
GC1069,37.50,3.50E-05,0,138
GC1069,38.50,4.05E-05,0,138
GC1069,39.50,4.71E-05,0,138
GC1069,40.50,5.51E-05,0,138
GC1069,41.50,6.49E-05,0,138
GC1069,42.50,7.69E-05,0,138
GC1069,43.50,9.15E-05,0,138
GC1069,44.50,1.09E-04,0,138
GC1069,45.50,1.31E-04,0,138
GC1069,46.50,1.58E-04,0,138
GC1069,47.50,1.90E-04,0,138
GC1069,48.50,2.30E-04,0,138
GC1069,49.50,2.80E-04,0,138
GC1069,50.50,3.40E-04,0,138
GC1069,51.50,4.14E-04,0,138
GC1069,52.50,5.05E-04,0,138
GC1069,53.50,6.17E-04,0,138
GC1069,54.50,7.55E-04,0,138
GC1069,55.50,9.24E-04,0,138
GC1069,56.50,1.13E-03,0,138
GC1069,57.50,1.39E-03,0,138
GC1069,58.50,1.70E-03,0,138
GC1069,59.50,2.09E-03,0,138
GC1069,60.50,2.56E-03,0,138
GC1069,61.50,3.15E-03,0,138
GC1069,62.50,3.87E-03,0,138
GC1069,63.50,4.75E-03,0,138
GC1069,64.50,5.84E-03,0,138
GC1069,65.50,7.17E-03,0,138
GC1069,66.50,8.81E-03,0,138
GC1069,67.50,1.08E-02,0,138
GC1069,68.50,1.33E-02,0,138
GC1069,69.50,1.63E-02,0,138
GC1069,70.50,2.01E-02,0,138
GC1069,71.50,2.47E-02,0,138
GC1069,72.50,3.03E-02,0,138
GC1069,73.50,3.72E-02,0,138
GC1069,74.50,4.57E-02,0,138
GC1069,75.50,5.60E-02,0,138
GC1069,76.50,6.87E-02,0,138
GC1069,77.50,8.43E-02,0,138
GC1069,78.50,1.03E-01,0,138
GC1069,79.50,1.27E-01,0,138
GC1069,80.50,1.55E-01,0,138
GC1069,81.50,1.90E-01,0,138
GC1069,82.50,2.32E-01,0,138
GC1069,83.50,2.84E-01,0,138
GC1069,84.50,3.47E-01,0,138
GC1069,85.50,4.24E-01,0,138
GC1069,86.50,5.17E-01,0,138
GC1069,87.50,6.29E-01,0,138
GC1069,88.50,7.65E-01,0,138
GC1069,89.50,9.30E-01,0,138
GC1069,90.50,1.13E+00,0,138
GC1069,91.50,1.36E+00,0,138
GC1069,92.50,1.65E+00,0,138
GC1069,93.50,1.98E+00,0,138
GC1069,94.50,2.38E+00,0,138
GC1069,95.50,2.84E+00,0,138
GC1069,96.50,3.38E+00,0,138
GC1069,97.50,4.00E+00,0,138
GC1069,98.50,4.70E+00,0,138
GC1069,99.50,5.47E+00,0,138
GC1069,100.50,6.31E+00,0,138
GC1069,101.50,7.17E+00,0,138
GC1069,102.50,8.03E+00,0,138
GC1069,103.50,8.82E+00,0,138
GC1069,104.50,9.45E+00,0,138
GC1069,105.50,9.83E+00,0,138
GC1069,106.50,9.86E+00,0,138
GC1069,107.50,9.50E+00,0,138
GC1069,108.50,8.74E+00,0,138
GC1069,109.50,7.65E+00,0,138
GC1069,110.50,6.37E+00,0,138
GC1069,111.50,5.06E+00,0,138
GC1069,112.50,3.84E+00,0,138
GC1069,113.50,2.80E+00,0,138
GC1069,114.50,1.98E+00,0,138
GC1069,115.50,1.36E+00,0,138
GC1069,116.50,9.06E-01,0,138
GC1069,117.50,5.93E-01,0,138
GC1069,118.50,3.81E-01,0,138
GC1069,119.50,2.41E-01,0,138
GC1069,120.50,1.50E-01,0,138
GC1069,121.50,9.24E-02,0,138
GC1069,122.50,5.63E-02,0,138
GC1069,123.50,3.39E-02,0,138
GC1069,124.50,2.03E-02,0,138
GC1069,125.50,1.21E-02,0,138
GC1069,126.50,7.18E-03,0,138
GC1069,127.50,4.26E-03,0,138
GC1069,128.50,2.55E-03,0,138
GC1069,129.50,1.54E-03,0,138
GC1069,130.50,9.55E-04,0,138
GC1069,131.50,6.11E-04,0,138
GC1069,132.50,4.10E-04,0,138
GC1069,133.50,2.90E-04,0,138
GC1069,134.50,2.17E-04,0,138
GC1069,135.50,1.71E-04,0,138
GC1069,136.50,1.41E-04,0,138
GC1069,137.50,1.21E-04,0,138
GC1069,138.50,1.06E-04,0,138
GC1069,139.50,9.48E-05,0,138
GC1069,140.50,8.57E-05,0,138
GC1069,141.50,7.81E-05,0,138
GC1069,142.50,7.16E-05,0,138
GC1069,143.50,6.59E-05,0,138
GC1069,144.50,6.09E-05,0,138
GC1069,145.50,5.64E-05,0,138
GC1069,146.50,5.23E-05,0,138
GC1069,147.50,4.87E-05,0,138
GC1069,148.50,4.54E-05,0,138
GC1069,149.50,4.23E-05,0,138
GC1069,150.50,3.96E-05,0,138
GC1069,151.50,3.71E-05,0,138
GC1069,152.50,3.47E-05,0,138
GC1069,153.50,3.26E-05,0,138
GC1069,154.50,3.07E-05,0,138
GC1069,155.50,2.88E-05,0,138
GC1069,156.50,2.72E-05,0,138
GC1069,157.50,2.56E-05,0,138
GC1069,158.50,2.42E-05,0,138
GC1069,159.50,2.29E-05,0,138
GC1069,160.50,2.16E-05,0,138
GC1069,161.50,2.05E-05,0,138
GC1069,162.50,1.94E-05,0,138
GC1069,163.50,1.84E-05,0,138
GC1069,164.50,1.75E-05,0,138
GC1069,165.50,1.66E-05,0,138
GC1069,166.50,1.58E-05,0,138
GC1069,167.50,1.50E-05,0,138
GC1069,168.50,1.43E-05,0,138
GC1069,169.50,1.37E-05,0,138
GC1069,170.50,1.30E-05,0,138
GC1069,171.50,1.24E-05,0,138
GC1069,172.50,1.19E-05,0,138
GC1069,173.50,1.13E-05,0,138
GC1069,174.50,1.08E-05,0,138
GC1069,175.50,1.04E-05,0,138
GC1069,176.50,9.93E-06,0,138
GC1069,177.50,9.51E-06,0,138
GC1069,178.50,9.11E-06,0,138
GC1069,179.50,8.73E-06,0,138
GC1069,180.50,8.38E-06,0,138
GC1069,181.50,8.04E-06,0,138
GC1069,182.50,7.72E-06,0,138
GC1069,183.50,7.41E-06,0,138
GC1069,184.50,7.13E-06,0,138
GC1069,185.50,6.85E-06,0,138
GC1069,186.50,6.59E-06,0,138
GC1069,187.50,6.34E-06,0,138
GC1069,188.50,6.10E-06,0,138
GC1069,189.50,5.88E-06,0,138
GC1069,190.50,5.66E-06,0,138
GC1069,191.50,5.46E-06,0,138
GC1069,192.50,5.26E-06,0,138
GC1069,193.50,5.07E-06,0,138
GC1069,194.50,4.90E-06,0,138
GC1069,195.50,4.73E-06,0,138
GC1069,196.50,4.56E-06,0,138
GC1069,197.50,4.41E-06,0,138
GC1069,198.50,4.26E-06,0,138
GC1069,199.50,4.11E-06,0,138
GC1069,200.50,3.98E-06,0,138
GC1069,201.50,3.84E-06,0,138
GC1069,202.50,3.72E-06,0,138
GC1069,203.50,3.60E-06,0,138
GC1069,204.50,3.48E-06,0,138
GC1069,205.50,3.37E-06,0,138
GC1069,206.50,3.26E-06,0,138
GC1069,207.50,3.16E-06,0,138
GC1069,208.50,3.06E-06,0,138
GC1069,209.50,2.97E-06,0,138
GC1069,210.50,2.87E-06,0,138
GC1069,211.50,2.79E-06,0,138
GC1069,212.50,2.70E-06,0,138
GC1069,213.50,2.62E-06,0,138
GC1069,214.50,2.54E-06,0,138
GC1069,215.50,2.47E-06,0,138
GC1069,216.50,2.39E-06,0,138
GC1069,217.50,2.32E-06,0,138
GC1069,218.50,2.26E-06,0,138
GC1069,219.50,2.19E-06,0,138
GC1069,220.50,2.13E-06,0,138
GC1069,221.50,2.07E-06,0,138
GC1069,222.50,2.01E-06,0,138
GC1069,223.50,1.95E-06,0,138
GC1069,224.50,1.90E-06,0,138
GC1069,225.50,1.84E-06,0,138
GC1069,226.50,1.79E-06,0,138
GC1069,227.50,1.74E-06,0,138
GC1069,228.50,1.69E-06,0,138
GC1069,229.50,1.65E-06,0,138
GC1069,230.50,1.60E-06,0,138
GC1069,231.50,1.56E-06,0,138
GC1069,232.50,1.52E-06,0,138
GC1069,233.50,1.48E-06,0,138
GC1069,234.50,1.44E-06,0,138
GC1069,235.50,1.40E-06,0,138
GC1069,236.50,1.36E-06,0,138
GC1069,237.50,1.33E-06,0,138
GC1069,238.50,1.29E-06,0,138
GC1069,239.50,1.26E-06,0,138
GC1069,240.50,1.23E-06,0,138
GC1069,241.50,1.20E-06,0,138
GC1069,242.50,1.16E-06,0,138
GC1069,243.50,1.13E-06,0,138
GC1069,244.50,1.11E-06,0,138
GC1069,245.50,1.08E-06,0,138
GC1069,246.50,1.05E-06,0,138
GC1069,247.50,1.02E-06,0,138
GC1069,248.50,9.99E-07,0,138
GC1069,249.50,9.74E-07,0,138
GC1069,250.50,9.49E-07,0,138
GC1069,251.50,9.26E-07,0,138
GC1069,252.50,9.03E-07,0,138
GC1069,253.50,8.81E-07,0,138
GC1069,254.50,8.59E-07,0,138
GC1069,255.50,8.38E-07,0,138
GC1069,256.50,8.18E-07,0,138
GC1069,257.50,7.98E-07,0,138
GC1069,258.50,7.79E-07,0,138
GC1069,259.50,7.60E-07,0,138
GC1069,260.50,7.42E-07,0,138
GC1069,261.50,7.24E-07,0,138
GC1069,262.50,7.06E-07,0,138
GC1069,263.50,6.90E-07,0,138
GC1069,264.50,6.73E-07,0,138
GC1069,265.50,6.57E-07,0,138
GC1069,266.50,6.41E-07,0,138
GC1069,267.50,6.26E-07,0,138
GC1069,268.50,6.11E-07,0,138
GC1069,269.50,5.97E-07,0,138
GC1069,270.50,5.83E-07,0,138
GC1069,271.50,5.69E-07,0,138
GC1069,272.50,5.56E-07,0,138
GC1069,273.50,5.43E-07,0,138
GC1069,274.50,5.30E-07,0,138
GC1069,275.50,5.18E-07,0,138
GC1069,276.50,5.06E-07,0,138
GC1069,277.50,4.94E-07,0,138
GC1069,278.50,4.82E-07,0,138
GC1069,279.50,4.71E-07,0,138
GC1069,280.50,4.60E-07,0,138
GC1069,281.50,4.50E-07,0,138
GC1069,282.50,4.39E-07,0,138
GC1069,283.50,4.29E-07,0,138
GC1069,284.50,4.19E-07,0,138
GC1069,285.50,4.09E-07,0,138
GC1069,286.50,4.00E-07,0,138
GC1069,287.50,3.91E-07,0,138
GC1069,288.50,3.82E-07,0,138
GC1069,289.50,3.73E-07,0,138
GC1069,290.50,3.64E-07,0,138
GC1069,291.50,3.56E-07,0,138
GC1069,292.50,3.48E-07,0,138
GC1069,293.50,3.40E-07,0,138
GC1069,294.50,3.32E-07,0,138
GC1069,295.50,3.25E-07,0,138
GC1069,296.50,3.20E-07,0,138
GC1069,297.50,3.17E-07,0,138
GC1069,298.50,3.19E-07,0,138
GC1069,299.50,3.32E-07,0,138
GC1069,300.50,3.71E-07,0,138
GC1069,301.50,4.67E-07,0,138
GC1069,302.50,6.90E-07,0,138
GC1069,303.50,1.20E-06,0,138
GC1069,304.50,2.34E-06,0,138
GC1069,305.50,4.90E-06,0,138
GC1069,306.50,1.06E-05,0,138
GC1069,307.50,2.35E-05,0,138
GC1070,0.50,4.76E-05,0,69
GC1070,1.50,5.53E-05,0,69
GC1070,2.50,6.50E-05,0,69
GC1070,3.50,7.71E-05,0,69
GC1070,4.50,9.21E-05,0,69
GC1070,5.50,1.11E-04,0,69
GC1070,6.50,1.34E-04,0,69
GC1070,7.50,1.62E-04,0,69
GC1070,8.50,1.97E-04,0,69
GC1070,9.50,2.41E-04,0,69
GC1070,10.50,2.94E-04,0,69
GC1070,11.50,3.60E-04,0,69
GC1070,12.50,4.41E-04,0,69
GC1070,13.50,5.41E-04,0,69
GC1070,14.50,6.64E-04,0,69
GC1070,15.50,8.15E-04,0,69
GC1070,16.50,1.00E-03,0,69
GC1070,17.50,1.23E-03,0,69
GC1070,18.50,1.52E-03,0,69
GC1070,19.50,1.87E-03,0,69
GC1070,20.50,2.30E-03,0,69
GC1070,21.50,2.83E-03,0,69
GC1070,22.50,3.49E-03,0,69
GC1070,23.50,4.30E-03,0,69
GC1070,24.50,5.30E-03,0,69
GC1070,25.50,6.53E-03,0,69
GC1070,26.50,8.04E-03,0,69
GC1070,27.50,9.91E-03,0,69
GC1070,28.50,1.22E-02,0,69
GC1070,29.50,1.50E-02,0,69
GC1070,30.50,1.85E-02,0,69
GC1070,31.50,2.28E-02,0,69
GC1070,32.50,2.81E-02,0,69
GC1070,33.50,3.47E-02,0,69
GC1070,34.50,4.27E-02,0,69
GC1070,35.50,5.26E-02,0,69
GC1070,36.50,6.47E-02,0,69
GC1070,37.50,7.97E-02,0,69
GC1070,38.50,9.80E-02,0,69
GC1070,39.50,1.21E-01,0,69
GC1070,40.50,1.48E-01,0,69
GC1070,41.50,1.82E-01,0,69
GC1070,42.50,2.24E-01,0,69
GC1070,43.50,2.76E-01,0,69
GC1070,44.50,3.38E-01,0,69
GC1070,45.50,4.15E-01,0,69
GC1070,46.50,5.10E-01,0,69
GC1070,47.50,6.25E-01,0,69
GC1070,48.50,7.65E-01,0,69
GC1070,49.50,9.37E-01,0,69
GC1070,50.50,1.15E+00,0,69
GC1070,51.50,1.40E+00,0,69
GC1070,52.50,1.71E+00,0,69
GC1070,53.50,2.08E+00,0,69
GC1070,54.50,2.52E+00,0,69
GC1070,55.50,3.06E+00,0,69
GC1070,56.50,3.69E+00,0,69
GC1070,57.50,4.45E+00,0,69
GC1070,58.50,5.33E+00,0,69
GC1070,59.50,6.36E+00,0,69
GC1070,60.50,7.54E+00,0,69
GC1070,61.50,8.87E+00,0,69
GC1070,62.50,1.03E+01,0,69
GC1070,63.50,1.19E+01,0,69
GC1070,64.50,1.34E+01,0,69
GC1070,65.50,1.49E+01,0,69
GC1070,66.50,1.61E+01,0,69
GC1070,67.50,1.68E+01,0,69
GC1070,68.50,1.68E+01,0,69
GC1070,69.50,1.60E+01,0,69
GC1070,70.50,1.44E+01,0,69
GC1070,71.50,1.21E+01,0,69
GC1070,72.50,9.53E+00,0,69
GC1070,73.50,7.06E+00,0,69
GC1070,74.50,4.96E+00,0,69
GC1070,75.50,3.32E+00,0,69
GC1070,76.50,2.15E+00,0,69
GC1070,77.50,1.35E+00,0,69
GC1070,78.50,8.24E-01,0,69
GC1070,79.50,4.94E-01,0,69
GC1070,80.50,2.91E-01,0,69
GC1070,81.50,1.69E-01,0,69
GC1070,82.50,9.70E-02,0,69
GC1070,83.50,5.50E-02,0,69
GC1070,84.50,3.09E-02,0,69
GC1070,85.50,1.73E-02,0,69
GC1070,86.50,9.60E-03,0,69
GC1070,87.50,5.33E-03,0,69
GC1070,88.50,2.97E-03,0,69
GC1070,89.50,1.67E-03,0,69
GC1070,90.50,9.64E-04,0,69
GC1070,91.50,5.76E-04,0,69
GC1070,92.50,3.62E-04,0,69
GC1070,93.50,2.43E-04,0,69
GC1070,94.50,1.75E-04,0,69
GC1070,95.50,1.35E-04,0,69
GC1070,96.50,1.10E-04,0,69
GC1070,97.50,9.37E-05,0,69
GC1070,98.50,8.19E-05,0,69
GC1070,99.50,7.29E-05,0,69
GC1070,100.50,6.58E-05,0,69
GC1070,101.50,5.98E-05,0,69
GC1070,102.50,5.47E-05,0,69
GC1070,103.50,5.02E-05,0,69
GC1070,104.50,4.63E-05,0,69
GC1070,105.50,4.27E-05,0,69
GC1070,106.50,3.96E-05,0,69
GC1070,107.50,3.67E-05,0,69
GC1070,108.50,3.41E-05,0,69
GC1070,109.50,3.18E-05,0,69
GC1070,110.50,2.96E-05,0,69
GC1070,111.50,2.77E-05,0,69
GC1070,112.50,2.59E-05,0,69
GC1070,113.50,2.42E-05,0,69
GC1070,114.50,2.27E-05,0,69
GC1070,115.50,2.14E-05,0,69
GC1070,116.50,2.01E-05,0,69
GC1070,117.50,1.89E-05,0,69
GC1070,118.50,1.78E-05,0,69
GC1070,119.50,1.68E-05,0,69
GC1070,120.50,1.59E-05,0,69
GC1070,121.50,1.50E-05,0,69
GC1070,122.50,1.42E-05,0,69
GC1070,123.50,1.35E-05,0,69
GC1070,124.50,1.28E-05,0,69
GC1070,125.50,1.21E-05,0,69
GC1070,126.50,1.15E-05,0,69
GC1070,127.50,1.09E-05,0,69
GC1070,128.50,1.04E-05,0,69
GC1070,129.50,9.90E-06,0,69
GC1070,130.50,9.43E-06,0,69
GC1070,131.50,8.99E-06,0,69
GC1070,132.50,8.57E-06,0,69
GC1070,133.50,8.18E-06,0,69
GC1070,134.50,7.82E-06,0,69
GC1070,135.50,7.47E-06,0,69
GC1070,136.50,7.14E-06,0,69
GC1070,137.50,6.84E-06,0,69
GC1070,138.50,6.54E-06,0,69
GC1070,139.50,6.27E-06,0,69
GC1070,140.50,6.01E-06,0,69
GC1070,141.50,5.76E-06,0,69
GC1070,142.50,5.53E-06,0,69
GC1070,143.50,5.30E-06,0,69
GC1070,144.50,5.09E-06,0,69
GC1070,145.50,4.89E-06,0,69
GC1070,146.50,4.70E-06,0,69
GC1070,147.50,4.52E-06,0,69
GC1070,148.50,4.35E-06,0,69
GC1070,149.50,4.19E-06,0,69
GC1070,150.50,4.03E-06,0,69
GC1070,151.50,3.88E-06,0,69
GC1070,152.50,3.74E-06,0,69
GC1070,153.50,3.61E-06,0,69
GC1070,154.50,3.48E-06,0,69
GC1070,155.50,3.35E-06,0,69
GC1070,156.50,3.24E-06,0,69
GC1070,157.50,3.12E-06,0,69
GC1070,158.50,3.02E-06,0,69
GC1070,159.50,2.91E-06,0,69
GC1070,160.50,2.82E-06,0,69
GC1070,161.50,2.72E-06,0,69
GC1070,162.50,2.63E-06,0,69
GC1070,163.50,2.54E-06,0,69
GC1070,164.50,2.46E-06,0,69
GC1070,165.50,2.38E-06,0,69
GC1070,166.50,2.30E-06,0,69
GC1070,167.50,2.23E-06,0,69
GC1070,168.50,2.16E-06,0,69
GC1070,169.50,2.09E-06,0,69
GC1070,170.50,2.03E-06,0,69
GC1070,171.50,1.96E-06,0,69
GC1070,172.50,1.90E-06,0,69
GC1070,173.50,1.85E-06,0,69
GC1070,174.50,1.79E-06,0,69
GC1070,175.50,1.74E-06,0,69
GC1070,176.50,1.68E-06,0,69
GC1070,177.50,1.63E-06,0,69
GC1070,178.50,1.59E-06,0,69
GC1070,179.50,1.54E-06,0,69
GC1070,180.50,1.50E-06,0,69
GC1070,181.50,1.45E-06,0,69
GC1070,182.50,1.41E-06,0,69
GC1070,183.50,1.37E-06,0,69
GC1070,184.50,1.33E-06,0,69
GC1070,185.50,1.29E-06,0,69
GC1070,186.50,1.26E-06,0,69
GC1070,187.50,1.22E-06,0,69
GC1070,188.50,1.19E-06,0,69
GC1070,189.50,1.16E-06,0,69
GC1070,190.50,1.12E-06,0,69
GC1070,191.50,1.09E-06,0,69
GC1070,192.50,1.06E-06,0,69
GC1070,193.50,1.04E-06,0,69
GC1070,194.50,1.01E-06,0,69
GC1070,195.50,9.82E-07,0,69
GC1070,196.50,9.56E-07,0,69
GC1070,197.50,9.30E-07,0,69
GC1070,198.50,9.06E-07,0,69
GC1070,199.50,8.82E-07,0,69
GC1070,200.50,8.60E-07,0,69
GC1070,201.50,8.37E-07,0,69
GC1070,202.50,8.16E-07,0,69
GC1070,203.50,7.95E-07,0,69
GC1070,204.50,7.75E-07,0,69
GC1070,205.50,7.55E-07,0,69
GC1070,206.50,7.36E-07,0,69
GC1070,207.50,7.17E-07,0,69
GC1070,208.50,6.99E-07,0,69
GC1070,209.50,6.82E-07,0,69
GC1070,210.50,6.65E-07,0,69
GC1070,211.50,6.49E-07,0,69
GC1070,212.50,6.33E-07,0,69
GC1070,213.50,6.17E-07,0,69
GC1070,214.50,6.02E-07,0,69
GC1070,215.50,5.87E-07,0,69
GC1070,216.50,5.73E-07,0,69
GC1070,217.50,5.59E-07,0,69
GC1070,218.50,5.46E-07,0,69
GC1070,219.50,5.32E-07,0,69
GC1070,220.50,5.20E-07,0,69
GC1070,221.50,5.07E-07,0,69
GC1070,222.50,4.95E-07,0,69
GC1070,223.50,4.83E-07,0,69
GC1070,224.50,4.72E-07,0,69
GC1070,225.50,4.61E-07,0,69
GC1070,226.50,4.50E-07,0,69
GC1070,227.50,4.39E-07,0,69
GC1070,228.50,4.29E-07,0,69
GC1070,229.50,4.19E-07,0,69
GC1070,230.50,4.09E-07,0,69
GC1070,231.50,4.00E-07,0,69
GC1070,232.50,3.90E-07,0,69
GC1070,233.50,3.81E-07,0,69
GC1070,234.50,3.72E-07,0,69
GC1070,235.50,3.64E-07,0,69
GC1070,236.50,3.55E-07,0,69
GC1070,237.50,3.47E-07,0,69
GC1070,238.50,3.39E-07,0,69
GC1070,239.50,3.31E-07,0,69
GC1070,240.50,3.24E-07,0,69
GC1070,241.50,3.16E-07,0,69
GC1070,242.50,3.09E-07,0,69
GC1070,243.50,3.02E-07,0,69
GC1070,244.50,2.95E-07,0,69
GC1070,245.50,2.88E-07,0,69
GC1070,246.50,2.82E-07,0,69
GC1070,247.50,2.75E-07,0,69
GC1070,248.50,2.69E-07,0,69
GC1070,249.50,2.63E-07,0,69
GC1070,250.50,2.57E-07,0,69
GC1070,251.50,2.51E-07,0,69
GC1070,252.50,2.45E-07,0,69
GC1070,253.50,2.40E-07,0,69
GC1070,254.50,2.34E-07,0,69
GC1070,255.50,2.29E-07,0,69
GC1070,256.50,2.24E-07,0,69
GC1070,257.50,2.19E-07,0,69
GC1070,258.50,2.14E-07,0,69
GC1070,259.50,2.09E-07,0,69
GC1070,260.50,2.04E-07,0,69
GC1070,261.50,2.00E-07,0,69
GC1070,262.50,1.95E-07,0,69
GC1070,263.50,1.91E-07,0,69
GC1070,264.50,1.86E-07,0,69
GC1070,265.50,1.82E-07,0,69
GC1070,266.50,1.78E-07,0,69
GC1070,267.50,1.74E-07,0,69
GC1070,268.50,1.70E-07,0,69
GC1070,269.50,1.66E-07,0,69
GC1070,270.50,1.62E-07,0,69
GC1070,271.50,1.58E-07,0,69
GC1070,272.50,1.55E-07,0,69
GC1070,273.50,1.51E-07,0,69
GC1070,274.50,1.48E-07,0,69
GC1070,275.50,1.44E-07,0,69
GC1070,276.50,1.41E-07,0,69
GC1070,277.50,1.37E-07,0,69
GC1070,278.50,1.34E-07,0,69
GC1070,279.50,1.31E-07,0,69
GC1070,280.50,1.28E-07,0,69
GC1070,281.50,1.25E-07,0,69
GC1070,282.50,1.22E-07,0,69
GC1070,283.50,1.19E-07,0,69
GC1070,284.50,1.16E-07,0,69
GC1070,285.50,1.13E-07,0,69
GC1070,286.50,1.11E-07,0,69
GC1070,287.50,1.08E-07,0,69
GC1070,288.50,1.05E-07,0,69
GC1070,289.50,1.03E-07,0,69
GC1070,290.50,1.00E-07,0,69
GC1070,291.50,9.79E-08,0,69
GC1070,292.50,9.55E-08,0,69
GC1070,293.50,9.32E-08,0,69
GC1070,294.50,9.10E-08,0,69
GC1070,295.50,8.90E-08,0,69
GC1070,296.50,8.74E-08,0,69
GC1070,297.50,8.67E-08,0,69
GC1070,298.50,8.79E-08,0,69
GC1070,299.50,9.36E-08,0,69
GC1070,300.50,1.09E-07,0,69
GC1070,301.50,1.48E-07,0,69
GC1070,302.50,2.40E-07,0,69
GC1070,303.50,4.53E-07,0,69
GC1070,304.50,9.45E-07,0,69
GC1070,305.50,2.08E-06,0,69
GC1070,306.50,4.67E-06,0,69
GC1070,307.50,1.06E-05,0,69
,,,,