core,depth,value,type
PC1029,0,27.02,e
PC1029,0.01,28.06,e
PC1029,0.03,27.59,e
PC1029,0.05,27.27,e
PC1029,0.07,27.38,e
PC1029,0.09,27.26,e
PC1029,0.11,25.32,e
PC1029,0.13,16.02,e
PC1029,0.15,12.22,e
PC1029,0.17,14.67,e
PC1029,0.19,13.74,e
PC1029,0.21,9.41,e
PC1029,0.23,9.74,e
PC1029,0.25,11.67,e
PC1029,0.27,13.01,e
PC1029,0.1,26.899,m
PC1029,0.101,26.598,m
PC1029,0.102,26.298,m
PC1029,0.103,25.997,m
PC1029,0.104,25.696,m
PC1029,0.105,25.394,m
PC1029,0.106,25.093,m
PC1029,0.107,24.791,m
PC1029,0.108,24.489,m
PC1029,0.109,24.186,m
PC1029,0.11,23.884,m
PC1029,0.111,23.581,m
PC1029,0.112,23.277,m
PC1029,0.113,22.973,m
PC1029,0.114,22.668,m
PC1029,0.115,22.363,m
PC1029,0.116,22.057,m
PC1029,0.117,21.751,m
PC1029,0.118,21.444,m
PC1029,0.119,21.136,m
PC1029,0.12,20.828,m
PC1029,0.121,20.519,m
PC1029,0.122,20.209,m
PC1029,0.123,19.898,m
PC1029,0.124,19.586,m
PC1029,0.125,19.274,m
PC1029,0.126,18.96,m
PC1029,0.127,18.646,m
PC1029,0.128,18.33,m
PC1029,0.129,18.014,m
PC1029,0.13,17.696,m
PC1029,0.131,17.378,m
PC1029,0.132,17.058,m
PC1029,0.133,16.737,m
PC1029,0.134,16.415,m
PC1029,0.135,16.092,m
PC1029,0.136,15.767,m
PC1029,0.137,15.441,m
PC1029,0.138,15.114,m
PC1029,0.139,14.785,m
PC1029,0.14,14.456,m
PC1029,0.141,14.124,m
PC1029,0.142,13.792,m
PC1029,0.143,13.457,m
PC1029,0.144,13.122,m
PC1029,0.145,12.785,m
PC1029,0.146,12.446,m
PC1029,0.147,12.106,m
PC1029,0.148,11.764,m
PC1029,0.149,11.42,m
PC1029,0.15,11.075,m
PC1029,0.151,10.729,m
PC1029,0.152,10.38,m
PC1029,0.153,10.03,m
PC1029,0.154,9.6782,m
PC1029,0.155,9.3246,m
PC1029,0.156,8.9692,m
PC1029,0.157,8.612,m
PC1029,0.158,8.253,m
PC1029,0.159,7.8922,m
PC1029,0.16,7.5295,m
PC1029,0.161,7.1649,m
PC1029,0.162,6.7985,m
PC1029,0.163,6.4301,m
PC1029,0.164,6.0598,m
PC1029,0.165,5.6876,m
PC1029,0.166,5.3134,m
PC1029,0.167,4.9372,m
PC1029,0.168,4.559,m
PC1029,0.169,4.1788,m
PC1029,0.17,3.7966,m
PC1029,0.171,3.4124,m
PC1029,0.172,3.0262,m
PC1029,0.173,2.6381,m
PC1029,0.174,2.2483,m
PC1029,0.175,1.8575,m
PC1029,0.176,1.4677,m
PC1029,0.177,1.0842,m
PC1029,0.178,0.71958,m
PC1029,0.179,0.40096,m
PC1029,0.18,0.17032,m
PC1029,0.181,0.052032,m
PC1029,0.182,0.011985,m
PC1029,0.183,0.0022399,m
PC1029,0.184,0.00035718,m
PC1029,0.185,0.000050173,m
PC1029,0.186,6.35E-06,m
PC1029,0.187,7.34E-07,m
PC1029,0.188,7.87E-08,m
PC1029,0.189,7.89E-09,m
PC1029,0.19,7.45E-10,m
PC1029,0.191,6.68E-11,m
PC1029,0.192,5.71E-12,m
PC1029,0.193,4.67E-13,m
PC1029,0.194,3.68E-14,m
PC1029,0.195,2.80E-15,m
PC1029,0.196,2.06E-16,m
PC1029,0.197,1.47E-17,m
PC1029,0.198,1.02E-18,m
PC1029,0.199,6.90E-20,m
PC1029,0.2,4.56E-21,m
PC1029,0.201,2.94E-22,m
PC1029,0.202,1.86E-23,m
PC1029,0.203,1.15E-24,m
PC1029,0.204,7.03E-26,m
PC1029,0.205,4.20E-27,m
PC1029,0.206,2.47E-28,m
PC1029,0.207,1.43E-29,m
PC1029,0.208,8.18E-31,m
PC1029,0.209,4.60E-32,m
PC1029,0.21,2.56E-33,m
PC1029,0.211,1.40E-34,m
PC1029,0.212,7.60E-36,m
PC1029,0.213,4.07E-37,m
PC1029,0.214,2.16E-38,m
PC1029,0.215,1.13E-39,m
PC1029,0.216,5.88E-41,m
PC1029,0.217,3.02E-42,m
PC1029,0.218,1.54E-43,m
PC1029,0.219,7.78E-45,m
PC1029,0.22,3.90E-46,m
PC1029,0.221,1.94E-47,m
PC1029,0.222,9.55E-49,m
PC1029,0.223,4.67E-50,m
PC1029,0.224,2.27E-51,m
PC1029,0.225,1.09E-52,m
PC1029,0.226,5.24E-54,m
PC1029,0.227,2.50E-55,m
PC1029,0.228,1.18E-56,m
PC1029,0.229,5.55E-58,m
PC1029,0.23,2.60E-59,m
PC1029,0.231,1.21E-60,m
PC1029,0.232,5.58E-62,m
PC1029,0.233,2.56E-63,m
PC1029,0.234,1.17E-64,m
PC1029,0.235,5.34E-66,m
PC1029,0.236,2.42E-67,m
PC1029,0.237,1.09E-68,m
PC1029,0.238,4.89E-70,m
PC1029,0.239,2.19E-71,m
PC1029,0.24,9.73E-73,m
PC1029,0.241,4.31E-74,m
PC1029,0.242,1.90E-75,m
PC1029,0.243,8.36E-77,m
PC1029,0.244,3.66E-78,m
PC1029,0.245,1.60E-79,m
PC1029,0.246,6.94E-81,m
PC1029,0.247,3.01E-82,m
PC1029,0.248,1.30E-83,m
PC1029,0.249,5.58E-85,m
PC1029,0.25,2.39E-86,m
PC1029,0.251,1.02E-87,m
PC1029,0.252,4.36E-89,m
PC1029,0.253,1.85E-90,m
PC1029,0.254,7.84E-92,m
PC1029,0.255,3.31E-93,m
PC1029,0.256,1.39E-94,m
PC1029,0.257,5.86E-96,m
PC1029,0.258,2.45E-97,m
PC1029,0.259,1.02E-98,m
PC1029,0.26,4.27E-100,m
PC1029,0.261,1.77E-101,m
PC1029,0.262,7.35E-103,m
PC1029,0.263,3.04E-104,m
PC1029,0.264,1.25E-105,m
PC1029,0.265,5.16E-107,m
PC1029,0.266,2.12E-108,m
PC1029,0.267,8.69E-110,m
PC1029,0.268,3.55E-111,m
PC1029,0.269,1.45E-112,m
PC1029,0.27,5.90E-114,m
PC1029,0.271,2.40E-115,m
PC1029,0.272,9.73E-117,m
PC1029,0.273,3.94E-118,m
PC1029,0.274,1.59E-119,m
PC1029,0.275,6.42E-121,m
PC1029,0.276,2.58E-122,m
PC1029,0.277,1.04E-123,m
PC1029,0.278,4.16E-125,m
PC1029,0.279,1.67E-126,m
PC1029,0.28,6.66E-128,m
PC1029,0.281,2.66E-129,m
PC1029,0.282,1.06E-130,m
PC1029,0.283,4.21E-132,m
PC1029,0.284,1.67E-133,m
PC1029,0.285,6.63E-135,m
PC1029,0.286,2.62E-136,m
PC1029,0.287,1.04E-137,m
PC1029,0.288,4.09E-139,m
PC1029,0.289,1.61E-140,m
PC1029,0.29,6.35E-142,m
PC1029,0.291,2.50E-143,m
PC1029,0.292,9.80E-145,m
PC1029,0.293,3.84E-146,m
PC1029,0.294,1.50E-147,m
PC1029,0.295,5.88E-149,m
PC1029,0.296,2.29E-150,m
PC1029,0.297,8.95E-152,m
PC1029,0.298,3.49E-153,m
PC1029,0.299,1.36E-154,m
PC1029,0.3,5.47E-156,m
GC1048,5.00E-01,2.62E+01,i
GC1048,1.50E+00,2.61E+01,i
GC1048,2.50E+00,2.61E+01,i
GC1048,3.50E+00,2.60E+01,i
GC1048,4.50E+00,2.60E+01,i
GC1048,5.50E+00,2.60E+01,i
GC1048,6.50E+00,2.59E+01,i
GC1048,7.50E+00,2.59E+01,i
GC1048,8.50E+00,2.58E+01,i
GC1048,9.50E+00,2.58E+01,i
GC1048,1.05E+01,2.58E+01,i
GC1048,1.15E+01,2.57E+01,i
GC1048,1.25E+01,2.57E+01,i
GC1048,1.35E+01,2.56E+01,i
GC1048,1.45E+01,2.56E+01,i
GC1048,1.55E+01,2.56E+01,i
GC1048,1.65E+01,2.55E+01,i
GC1048,1.75E+01,2.55E+01,i
GC1048,1.85E+01,2.54E+01,i
GC1048,1.95E+01,2.54E+01,i
GC1048,2.05E+01,2.54E+01,i
GC1048,2.15E+01,2.53E+01,i
GC1048,2.25E+01,2.53E+01,i
GC1048,2.35E+01,2.52E+01,i
GC1048,2.45E+01,2.52E+01,i
GC1048,2.55E+01,2.52E+01,i
GC1048,2.65E+01,2.51E+01,i
GC1048,2.75E+01,2.51E+01,i
GC1048,2.85E+01,2.50E+01,i
GC1048,2.95E+01,2.50E+01,i
GC1048,3.05E+01,2.50E+01,i
GC1048,3.15E+01,2.49E+01,i
GC1048,3.25E+01,2.49E+01,i
GC1048,3.35E+01,2.49E+01,i
GC1048,3.45E+01,2.48E+01,i
GC1048,3.55E+01,2.48E+01,i
GC1048,3.65E+01,2.47E+01,i
GC1048,3.75E+01,2.47E+01,i
GC1048,3.85E+01,2.47E+01,i
GC1048,3.95E+01,2.46E+01,i
GC1048,4.05E+01,2.46E+01,i
GC1048,4.15E+01,2.45E+01,i
GC1048,4.25E+01,2.45E+01,i
GC1048,4.35E+01,2.45E+01,i
GC1048,4.45E+01,2.44E+01,i
GC1048,4.55E+01,2.44E+01,i
GC1048,4.65E+01,2.43E+01,i
GC1048,4.75E+01,2.43E+01,i
GC1048,4.85E+01,2.43E+01,i
GC1048,4.95E+01,2.42E+01,i
GC1048,5.05E+01,2.42E+01,i
GC1048,5.15E+01,2.42E+01,i
GC1048,5.25E+01,2.41E+01,i
GC1048,5.35E+01,2.41E+01,i
GC1048,5.45E+01,2.40E+01,i
GC1048,5.55E+01,2.40E+01,i
GC1048,5.65E+01,2.40E+01,i
GC1048,5.75E+01,2.39E+01,i
GC1048,5.85E+01,2.39E+01,i
GC1048,5.95E+01,2.38E+01,i
GC1048,6.05E+01,2.38E+01,i
GC1048,6.15E+01,2.38E+01,i
GC1048,6.25E+01,2.37E+01,i
GC1048,6.35E+01,2.37E+01,i
GC1048,6.45E+01,2.37E+01,i
GC1048,6.55E+01,2.36E+01,i
GC1048,6.65E+01,2.36E+01,i
GC1048,6.75E+01,2.35E+01,i
GC1048,6.85E+01,2.35E+01,i
GC1048,6.95E+01,2.35E+01,i
GC1048,7.05E+01,2.34E+01,i
GC1048,7.15E+01,2.34E+01,i
GC1048,7.25E+01,2.34E+01,i
GC1048,7.35E+01,2.33E+01,i
GC1048,7.45E+01,2.33E+01,i
GC1048,7.55E+01,2.32E+01,i
GC1048,7.65E+01,2.32E+01,i
GC1048,7.75E+01,2.32E+01,i
GC1048,7.85E+01,2.31E+01,i
GC1048,7.95E+01,2.31E+01,i
GC1048,8.05E+01,2.30E+01,i
GC1048,8.15E+01,2.30E+01,i
GC1048,8.25E+01,2.30E+01,i
GC1048,8.35E+01,2.29E+01,i
GC1048,8.45E+01,2.29E+01,i
GC1048,8.55E+01,2.29E+01,i
GC1048,8.65E+01,2.28E+01,i
GC1048,8.75E+01,2.28E+01,i
GC1048,8.85E+01,2.27E+01,i
GC1048,8.95E+01,2.27E+01,i
GC1048,9.05E+01,2.27E+01,i
GC1048,9.15E+01,2.26E+01,i
GC1048,9.25E+01,2.26E+01,i
GC1048,9.35E+01,2.26E+01,i
GC1048,9.45E+01,2.25E+01,i
GC1048,9.55E+01,2.25E+01,i
GC1048,9.65E+01,2.25E+01,i
GC1048,9.75E+01,2.24E+01,i
GC1048,9.85E+01,2.24E+01,i
GC1048,9.95E+01,2.23E+01,i
GC1048,1.01E+02,2.23E+01,i
GC1048,1.02E+02,2.23E+01,i
GC1048,1.03E+02,2.22E+01,i
GC1048,1.04E+02,2.22E+01,i
GC1048,1.05E+02,2.22E+01,i
GC1048,1.06E+02,2.21E+01,i
GC1048,1.07E+02,2.21E+01,i
GC1048,1.08E+02,2.20E+01,i
GC1048,1.09E+02,2.20E+01,i
GC1048,1.10E+02,2.20E+01,i
GC1048,1.11E+02,2.19E+01,i
GC1048,1.12E+02,2.19E+01,i
GC1048,1.13E+02,2.19E+01,i
GC1048,1.14E+02,2.18E+01,i
GC1048,1.15E+02,2.18E+01,i
GC1048,1.16E+02,2.17E+01,i
GC1048,1.17E+02,2.17E+01,i
GC1048,1.18E+02,2.17E+01,i
GC1048,1.19E+02,2.16E+01,i
GC1048,1.20E+02,2.16E+01,i
GC1048,1.21E+02,2.16E+01,i
GC1048,1.22E+02,2.15E+01,i
GC1048,1.23E+02,2.15E+01,i
GC1048,1.24E+02,2.15E+01,i
GC1048,1.25E+02,2.14E+01,i
GC1048,1.26E+02,2.14E+01,i
GC1048,1.27E+02,2.13E+01,i
GC1048,1.28E+02,2.13E+01,i
GC1048,1.29E+02,2.13E+01,i
GC1048,1.30E+02,2.12E+01,i
GC1048,1.31E+02,2.12E+01,i
GC1048,1.32E+02,2.12E+01,i
GC1048,1.33E+02,2.11E+01,i
GC1048,1.34E+02,2.11E+01,i
GC1048,1.35E+02,2.11E+01,i
GC1048,1.36E+02,2.10E+01,i
GC1048,1.37E+02,2.10E+01,i
GC1048,1.38E+02,2.09E+01,i
GC1048,1.39E+02,2.09E+01,i
GC1048,1.40E+02,2.09E+01,i
GC1048,1.41E+02,2.08E+01,i
GC1048,1.42E+02,2.08E+01,i
GC1048,1.43E+02,2.08E+01,i
GC1048,1.44E+02,2.07E+01,i
GC1048,1.45E+02,2.07E+01,i
GC1048,1.46E+02,2.07E+01,i
GC1048,1.47E+02,2.06E+01,i
GC1048,1.48E+02,2.06E+01,i
GC1048,1.49E+02,2.06E+01,i
GC1048,1.50E+02,2.05E+01,i
GC1048,1.51E+02,2.05E+01,i
GC1048,1.52E+02,2.04E+01,i
GC1048,1.53E+02,2.04E+01,i
GC1048,1.54E+02,2.04E+01,i
GC1048,1.55E+02,2.03E+01,i
GC1048,1.56E+02,2.03E+01,i
GC1048,1.57E+02,2.03E+01,i
GC1048,1.58E+02,2.02E+01,i
GC1048,1.59E+02,2.02E+01,i
GC1048,1.60E+02,2.02E+01,i
GC1048,1.61E+02,2.01E+01,i
GC1048,1.62E+02,2.01E+01,i
GC1048,1.63E+02,2.01E+01,i
GC1048,1.64E+02,2.00E+01,i
GC1048,1.65E+02,2.00E+01,i
GC1048,1.66E+02,1.99E+01,i
GC1048,1.67E+02,1.99E+01,i
GC1048,1.68E+02,1.99E+01,i
GC1048,1.69E+02,1.98E+01,i
GC1048,1.70E+02,1.98E+01,i
GC1048,1.71E+02,1.98E+01,i
GC1048,1.72E+02,1.97E+01,i
GC1048,1.73E+02,1.97E+01,i
GC1048,1.74E+02,1.97E+01,i
GC1048,1.75E+02,1.96E+01,i
GC1048,1.76E+02,1.96E+01,i
GC1048,1.77E+02,1.96E+01,i
GC1048,1.78E+02,1.95E+01,i
GC1048,1.79E+02,1.95E+01,i
GC1048,1.80E+02,1.95E+01,i
GC1048,1.81E+02,1.94E+01,i
GC1048,1.82E+02,1.94E+01,i
GC1048,1.83E+02,1.93E+01,i
GC1048,1.84E+02,1.93E+01,i
GC1048,1.85E+02,1.93E+01,i
GC1048,1.86E+02,1.92E+01,i
GC1048,1.87E+02,1.92E+01,i
GC1048,1.88E+02,1.92E+01,i
GC1048,1.89E+02,1.91E+01,i
GC1048,1.90E+02,1.91E+01,i
GC1048,1.91E+02,1.91E+01,i
GC1048,1.92E+02,1.90E+01,i
GC1048,1.93E+02,1.90E+01,i
GC1048,1.94E+02,1.90E+01,i
GC1048,1.95E+02,1.89E+01,i
GC1048,1.96E+02,1.89E+01,i
GC1048,1.97E+02,1.89E+01,i
GC1048,1.98E+02,1.88E+01,i
GC1048,1.99E+02,1.88E+01,i
GC1048,2.00E+02,1.88E+01,i
GC1048,2.01E+02,1.87E+01,i
GC1048,2.02E+02,1.87E+01,i
GC1048,2.03E+02,1.87E+01,i
GC1048,2.04E+02,1.86E+01,i
GC1048,2.05E+02,1.86E+01,i
GC1048,2.06E+02,1.86E+01,i
GC1048,2.07E+02,1.85E+01,i
GC1048,2.08E+02,1.85E+01,i
GC1048,2.09E+02,1.84E+01,i
GC1048,2.10E+02,1.84E+01,i
GC1048,2.11E+02,1.84E+01,i
GC1048,2.12E+02,1.83E+01,i
GC1048,2.13E+02,1.83E+01,i
GC1048,2.14E+02,1.83E+01,i
GC1048,2.15E+02,1.82E+01,i
GC1048,2.16E+02,1.82E+01,i
GC1048,2.17E+02,1.82E+01,i
GC1048,2.18E+02,1.81E+01,i
GC1048,2.19E+02,1.81E+01,i
GC1048,2.20E+02,1.81E+01,i
GC1048,2.21E+02,1.80E+01,i
GC1048,2.22E+02,1.80E+01,i
GC1048,2.23E+02,1.80E+01,i
GC1048,2.24E+02,1.79E+01,i
GC1048,2.25E+02,1.79E+01,i
GC1048,2.26E+02,1.79E+01,i
GC1048,2.27E+02,1.78E+01,i
GC1048,2.28E+02,1.78E+01,i
GC1048,2.29E+02,1.78E+01,i
GC1048,2.30E+02,1.77E+01,i
GC1048,2.31E+02,1.77E+01,i
GC1048,2.32E+02,1.77E+01,i
GC1048,2.33E+02,1.76E+01,i
GC1048,2.34E+02,1.76E+01,i
GC1048,2.35E+02,1.76E+01,i
GC1048,2.36E+02,1.75E+01,i
GC1048,2.37E+02,1.75E+01,i
GC1048,2.38E+02,1.75E+01,i
GC1048,2.39E+02,1.74E+01,i
GC1048,2.40E+02,1.74E+01,i
GC1048,2.41E+02,1.74E+01,i
GC1048,2.42E+02,1.73E+01,i
GC1048,2.43E+02,1.73E+01,i
GC1048,2.44E+02,1.73E+01,i
GC1048,2.45E+02,1.72E+01,i
GC1048,2.46E+02,1.72E+01,i
GC1048,2.47E+02,1.72E+01,i
GC1048,2.48E+02,1.71E+01,i
GC1048,2.49E+02,1.71E+01,i
GC1048,2.50E+02,1.71E+01,i
GC1048,2.51E+02,1.70E+01,i
GC1048,2.52E+02,1.70E+01,i
GC1048,2.53E+02,1.70E+01,i
GC1048,2.54E+02,1.69E+01,i
GC1048,2.55E+02,1.69E+01,i
GC1048,2.56E+02,1.69E+01,i
GC1048,2.57E+02,1.68E+01,i
GC1048,2.58E+02,1.68E+01,i
GC1048,2.59E+02,1.68E+01,i
GC1048,2.60E+02,1.67E+01,i
GC1048,2.61E+02,1.67E+01,i
GC1048,2.62E+02,1.67E+01,i
GC1048,2.63E+02,1.66E+01,i
GC1048,2.64E+02,1.66E+01,i
GC1048,2.65E+02,1.66E+01,i
GC1048,2.66E+02,1.65E+01,i
GC1048,2.67E+02,1.65E+01,i
GC1048,2.68E+02,1.65E+01,i
GC1048,2.69E+02,1.64E+01,i
GC1048,2.70E+02,1.64E+01,i
GC1048,2.71E+02,1.64E+01,i
GC1048,2.72E+02,1.63E+01,i
GC1048,2.73E+02,1.63E+01,i
GC1048,2.74E+02,1.63E+01,i
GC1048,2.75E+02,1.63E+01,i
GC1048,2.76E+02,1.62E+01,i
GC1048,2.77E+02,1.62E+01,i
GC1048,2.78E+02,1.62E+01,i
GC1048,2.79E+02,1.61E+01,i
GC1048,2.80E+02,1.61E+01,i
GC1048,2.81E+02,1.61E+01,i
GC1048,2.82E+02,1.60E+01,i
GC1048,2.83E+02,1.60E+01,i
GC1048,2.84E+02,1.60E+01,i
GC1048,2.85E+02,1.59E+01,i
GC1048,2.86E+02,1.59E+01,i
GC1048,2.87E+02,1.59E+01,i
GC1048,2.88E+02,1.58E+01,i
GC1048,2.89E+02,1.58E+01,i
GC1048,2.90E+02,1.58E+01,i
GC1048,2.91E+02,1.57E+01,i
GC1048,2.92E+02,1.57E+01,i
GC1048,2.93E+02,1.57E+01,i
GC1048,2.94E+02,1.56E+01,i
GC1048,2.95E+02,1.56E+01,i
GC1048,2.96E+02,1.56E+01,i
GC1048,2.97E+02,1.55E+01,i
GC1048,2.98E+02,1.55E+01,i
GC1048,2.99E+02,1.55E+01,i
GC1048,3.00E+02,1.55E+01,i
GC1048,3.01E+02,1.54E+01,i
GC1048,3.02E+02,1.54E+01,i
GC1048,3.03E+02,1.54E+01,i
GC1048,3.04E+02,1.53E+01,i
GC1048,3.05E+02,1.53E+01,i
GC1048,3.06E+02,1.53E+01,i
GC1048,3.07E+02,1.52E+01,i
GC1048,3.08E+02,1.52E+01,i
GC1048,3.09E+02,1.52E+01,i
GC1048,3.10E+02,1.51E+01,i
GC1048,3.11E+02,1.51E+01,i
GC1048,3.12E+02,1.51E+01,i
GC1048,3.13E+02,1.50E+01,i
GC1048,3.14E+02,1.50E+01,i
GC1048,3.15E+02,1.50E+01,i
GC1048,3.16E+02,1.49E+01,i
GC1048,3.17E+02,1.49E+01,i
GC1048,3.18E+02,1.49E+01,i
GC1048,3.19E+02,1.49E+01,i
GC1048,3.20E+02,1.48E+01,i
GC1048,3.21E+02,1.48E+01,i
GC1048,3.22E+02,1.48E+01,i
GC1048,3.23E+02,1.47E+01,i
GC1048,3.24E+02,1.47E+01,i
GC1048,3.25E+02,1.47E+01,i
GC1048,3.26E+02,1.46E+01,i
GC1048,3.27E+02,1.46E+01,i
GC1048,3.28E+02,1.46E+01,i
GC1048,3.29E+02,1.45E+01,i
GC1048,3.30E+02,1.45E+01,i
GC1048,3.31E+02,1.45E+01,i
GC1048,3.32E+02,1.45E+01,i
GC1048,3.33E+02,1.44E+01,i
GC1048,3.34E+02,1.44E+01,i
GC1048,3.35E+02,1.44E+01,i
GC1048,3.36E+02,1.43E+01,i
GC1048,3.37E+02,1.43E+01,i
GC1048,3.38E+02,1.43E+01,i
GC1048,3.39E+02,1.42E+01,i
GC1048,3.40E+02,1.42E+01,i
GC1048,3.41E+02,1.42E+01,i
GC1048,3.42E+02,1.42E+01,i
GC1048,3.43E+02,1.41E+01,i
GC1048,3.44E+02,1.41E+01,i
GC1048,3.45E+02,1.41E+01,i
GC1048,3.46E+02,1.41E+01,i
GC1048,3.47E+02,1.41E+01,i
GC1048,3.48E+02,1.40E+01,i
GC1048,3.49E+02,1.40E+01,i
GC1048,3.50E+02,1.40E+01,i
GC1048,10,26.19,e
GC1048,25,25.71,e
GC1048,40,25.08,e
GC1048,55,25.2,e
GC1048,70,22.22,e
GC1048,85,26.57,e
GC1048,105,23.82,e
GC1048,120,22.29,e
GC1048,135,19.79,e
GC1048,165,19.01,e
GC1048,185,18.2,e
GC1048,205,16.9,e
GC1048,220,16,e
GC1048,235,13.1,e
GC1048,250,12.03,e
GC1048,265,9.29,e
GC1048,303,1.64,e
GC1048,309,1.3,e
GC1048,324,0.58,e
GC1048,5.00E-01,2.62E+01,m
GC1048,1.50E+00,2.61E+01,m
GC1048,2.50E+00,2.61E+01,m
GC1048,3.50E+00,2.60E+01,m
GC1048,4.50E+00,2.60E+01,m
GC1048,5.50E+00,2.60E+01,m
GC1048,6.50E+00,2.59E+01,m
GC1048,7.50E+00,2.59E+01,m
GC1048,8.50E+00,2.58E+01,m
GC1048,9.50E+00,2.58E+01,m
GC1048,1.05E+01,2.58E+01,m
GC1048,1.15E+01,2.57E+01,m
GC1048,1.25E+01,2.57E+01,m
GC1048,1.35E+01,2.56E+01,m
GC1048,1.45E+01,2.56E+01,m
GC1048,1.55E+01,2.56E+01,m
GC1048,1.65E+01,2.55E+01,m
GC1048,1.75E+01,2.55E+01,m
GC1048,1.85E+01,2.54E+01,m
GC1048,1.95E+01,2.54E+01,m
GC1048,2.05E+01,2.54E+01,m
GC1048,2.15E+01,2.53E+01,m
GC1048,2.25E+01,2.53E+01,m
GC1048,2.35E+01,2.52E+01,m
GC1048,2.45E+01,2.52E+01,m
GC1048,2.55E+01,2.52E+01,m
GC1048,2.65E+01,2.51E+01,m
GC1048,2.75E+01,2.51E+01,m
GC1048,2.85E+01,2.50E+01,m
GC1048,2.95E+01,2.50E+01,m
GC1048,3.05E+01,2.50E+01,m
GC1048,3.15E+01,2.49E+01,m
GC1048,3.25E+01,2.49E+01,m
GC1048,3.35E+01,2.48E+01,m
GC1048,3.45E+01,2.48E+01,m
GC1048,3.55E+01,2.48E+01,m
GC1048,3.65E+01,2.47E+01,m
GC1048,3.75E+01,2.47E+01,m
GC1048,3.85E+01,2.47E+01,m
GC1048,3.95E+01,2.46E+01,m
GC1048,4.05E+01,2.46E+01,m
GC1048,4.15E+01,2.45E+01,m
GC1048,4.25E+01,2.45E+01,m
GC1048,4.35E+01,2.45E+01,m
GC1048,4.45E+01,2.44E+01,m
GC1048,4.55E+01,2.44E+01,m
GC1048,4.65E+01,2.43E+01,m
GC1048,4.75E+01,2.43E+01,m
GC1048,4.85E+01,2.43E+01,m
GC1048,4.95E+01,2.42E+01,m
GC1048,5.05E+01,2.42E+01,m
GC1048,5.15E+01,2.42E+01,m
GC1048,5.25E+01,2.41E+01,m
GC1048,5.35E+01,2.41E+01,m
GC1048,5.45E+01,2.40E+01,m
GC1048,5.55E+01,2.40E+01,m
GC1048,5.65E+01,2.40E+01,m
GC1048,5.75E+01,2.39E+01,m
GC1048,5.85E+01,2.39E+01,m
GC1048,5.95E+01,2.38E+01,m
GC1048,6.05E+01,2.38E+01,m
GC1048,6.15E+01,2.38E+01,m
GC1048,6.25E+01,2.37E+01,m
GC1048,6.35E+01,2.37E+01,m
GC1048,6.45E+01,2.37E+01,m
GC1048,6.55E+01,2.36E+01,m
GC1048,6.65E+01,2.36E+01,m
GC1048,6.75E+01,2.35E+01,m
GC1048,6.85E+01,2.35E+01,m
GC1048,6.95E+01,2.35E+01,m
GC1048,7.05E+01,2.34E+01,m
GC1048,7.15E+01,2.34E+01,m
GC1048,7.25E+01,2.33E+01,m
GC1048,7.35E+01,2.33E+01,m
GC1048,7.45E+01,2.33E+01,m
GC1048,7.55E+01,2.32E+01,m
GC1048,7.65E+01,2.32E+01,m
GC1048,7.75E+01,2.32E+01,m
GC1048,7.85E+01,2.31E+01,m
GC1048,7.95E+01,2.31E+01,m
GC1048,8.05E+01,2.30E+01,m
GC1048,8.15E+01,2.30E+01,m
GC1048,8.25E+01,2.30E+01,m
GC1048,8.35E+01,2.29E+01,m
GC1048,8.45E+01,2.29E+01,m
GC1048,8.55E+01,2.29E+01,m
GC1048,8.65E+01,2.28E+01,m
GC1048,8.75E+01,2.28E+01,m
GC1048,8.85E+01,2.27E+01,m
GC1048,8.95E+01,2.27E+01,m
GC1048,9.05E+01,2.27E+01,m
GC1048,9.15E+01,2.26E+01,m
GC1048,9.25E+01,2.26E+01,m
GC1048,9.35E+01,2.26E+01,m
GC1048,9.45E+01,2.25E+01,m
GC1048,9.55E+01,2.25E+01,m
GC1048,9.65E+01,2.24E+01,m
GC1048,9.75E+01,2.24E+01,m
GC1048,9.85E+01,2.24E+01,m
GC1048,9.95E+01,2.23E+01,m
GC1048,1.01E+02,2.23E+01,m
GC1048,1.02E+02,2.22E+01,m
GC1048,1.03E+02,2.22E+01,m
GC1048,1.04E+02,2.22E+01,m
GC1048,1.05E+02,2.21E+01,m
GC1048,1.06E+02,2.21E+01,m
GC1048,1.07E+02,2.21E+01,m
GC1048,1.08E+02,2.20E+01,m
GC1048,1.09E+02,2.20E+01,m
GC1048,1.10E+02,2.19E+01,m
GC1048,1.11E+02,2.19E+01,m
GC1048,1.12E+02,2.19E+01,m
GC1048,1.13E+02,2.18E+01,m
GC1048,1.14E+02,2.18E+01,m
GC1048,1.15E+02,2.18E+01,m
GC1048,1.16E+02,2.17E+01,m
GC1048,1.17E+02,2.17E+01,m
GC1048,1.18E+02,2.16E+01,m
GC1048,1.19E+02,2.16E+01,m
GC1048,1.20E+02,2.16E+01,m
GC1048,1.21E+02,2.15E+01,m
GC1048,1.22E+02,2.15E+01,m
GC1048,1.23E+02,2.15E+01,m
GC1048,1.24E+02,2.14E+01,m
GC1048,1.25E+02,2.14E+01,m
GC1048,1.26E+02,2.13E+01,m
GC1048,1.27E+02,2.13E+01,m
GC1048,1.28E+02,2.13E+01,m
GC1048,1.29E+02,2.12E+01,m
GC1048,1.30E+02,2.12E+01,m
GC1048,1.31E+02,2.11E+01,m
GC1048,1.32E+02,2.11E+01,m
GC1048,1.33E+02,2.11E+01,m
GC1048,1.34E+02,2.10E+01,m
GC1048,1.35E+02,2.10E+01,m
GC1048,1.36E+02,2.10E+01,m
GC1048,1.37E+02,2.09E+01,m
GC1048,1.38E+02,2.09E+01,m
GC1048,1.39E+02,2.08E+01,m
GC1048,1.40E+02,2.08E+01,m
GC1048,1.41E+02,2.08E+01,m
GC1048,1.42E+02,2.07E+01,m
GC1048,1.43E+02,2.07E+01,m
GC1048,1.44E+02,2.06E+01,m
GC1048,1.45E+02,2.06E+01,m
GC1048,1.46E+02,2.06E+01,m
GC1048,1.47E+02,2.05E+01,m
GC1048,1.48E+02,2.05E+01,m
GC1048,1.49E+02,2.04E+01,m
GC1048,1.50E+02,2.04E+01,m
GC1048,1.51E+02,2.04E+01,m
GC1048,1.52E+02,2.03E+01,m
GC1048,1.53E+02,2.03E+01,m
GC1048,1.54E+02,2.02E+01,m
GC1048,1.55E+02,2.02E+01,m
GC1048,1.56E+02,2.02E+01,m
GC1048,1.57E+02,2.01E+01,m
GC1048,1.58E+02,2.01E+01,m
GC1048,1.59E+02,2.00E+01,m
GC1048,1.60E+02,2.00E+01,m
GC1048,1.61E+02,2.00E+01,m
GC1048,1.62E+02,1.99E+01,m
GC1048,1.63E+02,1.99E+01,m
GC1048,1.64E+02,1.98E+01,m
GC1048,1.65E+02,1.98E+01,m
GC1048,1.66E+02,1.98E+01,m
GC1048,1.67E+02,1.97E+01,m
GC1048,1.68E+02,1.97E+01,m
GC1048,1.69E+02,1.96E+01,m
GC1048,1.70E+02,1.96E+01,m
GC1048,1.71E+02,1.95E+01,m
GC1048,1.72E+02,1.95E+01,m
GC1048,1.73E+02,1.94E+01,m
GC1048,1.74E+02,1.94E+01,m
GC1048,1.75E+02,1.94E+01,m
GC1048,1.76E+02,1.93E+01,m
GC1048,1.77E+02,1.93E+01,m
GC1048,1.78E+02,1.92E+01,m
GC1048,1.79E+02,1.92E+01,m
GC1048,1.80E+02,1.91E+01,m
GC1048,1.81E+02,1.91E+01,m
GC1048,1.82E+02,1.90E+01,m
GC1048,1.83E+02,1.90E+01,m
GC1048,1.84E+02,1.89E+01,m
GC1048,1.85E+02,1.89E+01,m
GC1048,1.86E+02,1.88E+01,m
GC1048,1.87E+02,1.88E+01,m
GC1048,1.88E+02,1.87E+01,m
GC1048,1.89E+02,1.87E+01,m
GC1048,1.90E+02,1.86E+01,m
GC1048,1.91E+02,1.86E+01,m
GC1048,1.92E+02,1.85E+01,m
GC1048,1.93E+02,1.85E+01,m
GC1048,1.94E+02,1.84E+01,m
GC1048,1.95E+02,1.84E+01,m
GC1048,1.96E+02,1.83E+01,m
GC1048,1.97E+02,1.83E+01,m
GC1048,1.98E+02,1.82E+01,m
GC1048,1.99E+02,1.82E+01,m
GC1048,2.00E+02,1.81E+01,m
GC1048,2.01E+02,1.80E+01,m
GC1048,2.02E+02,1.80E+01,m
GC1048,2.03E+02,1.79E+01,m
GC1048,2.04E+02,1.79E+01,m
GC1048,2.05E+02,1.78E+01,m
GC1048,2.06E+02,1.77E+01,m
GC1048,2.07E+02,1.77E+01,m
GC1048,2.08E+02,1.76E+01,m
GC1048,2.09E+02,1.75E+01,m
GC1048,2.10E+02,1.75E+01,m
GC1048,2.11E+02,1.74E+01,m
GC1048,2.12E+02,1.73E+01,m
GC1048,2.13E+02,1.73E+01,m
GC1048,2.14E+02,1.72E+01,m
GC1048,2.15E+02,1.71E+01,m
GC1048,2.16E+02,1.71E+01,m
GC1048,2.17E+02,1.70E+01,m
GC1048,2.18E+02,1.69E+01,m
GC1048,2.19E+02,1.68E+01,m
GC1048,2.20E+02,1.67E+01,m
GC1048,2.21E+02,1.67E+01,m
GC1048,2.22E+02,1.66E+01,m
GC1048,2.23E+02,1.65E+01,m
GC1048,2.24E+02,1.64E+01,m
GC1048,2.25E+02,1.63E+01,m
GC1048,2.26E+02,1.62E+01,m
GC1048,2.27E+02,1.62E+01,m
GC1048,2.28E+02,1.61E+01,m
GC1048,2.29E+02,1.60E+01,m
GC1048,2.30E+02,1.59E+01,m
GC1048,2.31E+02,1.58E+01,m
GC1048,2.32E+02,1.57E+01,m
GC1048,2.33E+02,1.56E+01,m
GC1048,2.34E+02,1.55E+01,m
GC1048,2.35E+02,1.54E+01,m
GC1048,2.36E+02,1.53E+01,m
GC1048,2.37E+02,1.52E+01,m
GC1048,2.38E+02,1.51E+01,m
GC1048,2.39E+02,1.49E+01,m
GC1048,2.40E+02,1.48E+01,m
GC1048,2.41E+02,1.47E+01,m
GC1048,2.42E+02,1.46E+01,m
GC1048,2.43E+02,1.45E+01,m
GC1048,2.44E+02,1.43E+01,m
GC1048,2.45E+02,1.42E+01,m
GC1048,2.46E+02,1.41E+01,m
GC1048,2.47E+02,1.39E+01,m
GC1048,2.48E+02,1.38E+01,m
GC1048,2.49E+02,1.37E+01,m
GC1048,2.50E+02,1.35E+01,m
GC1048,2.51E+02,1.34E+01,m
GC1048,2.52E+02,1.32E+01,m
GC1048,2.53E+02,1.31E+01,m
GC1048,2.54E+02,1.29E+01,m
GC1048,2.55E+02,1.28E+01,m
GC1048,2.56E+02,1.26E+01,m
GC1048,2.57E+02,1.24E+01,m
GC1048,2.58E+02,1.22E+01,m
GC1048,2.59E+02,1.21E+01,m
GC1048,2.60E+02,1.19E+01,m
GC1048,2.61E+02,1.17E+01,m
GC1048,2.62E+02,1.15E+01,m
GC1048,2.63E+02,1.13E+01,m
GC1048,2.64E+02,1.11E+01,m
GC1048,2.65E+02,1.09E+01,m
GC1048,2.66E+02,1.07E+01,m
GC1048,2.67E+02,1.05E+01,m
GC1048,2.68E+02,1.03E+01,m
GC1048,2.69E+02,1.01E+01,m
GC1048,2.70E+02,9.84E+00,m
GC1048,2.71E+02,9.61E+00,m
GC1048,2.72E+02,9.38E+00,m
GC1048,2.73E+02,9.13E+00,m
GC1048,2.74E+02,8.89E+00,m
GC1048,2.75E+02,8.63E+00,m
GC1048,2.76E+02,8.38E+00,m
GC1048,2.77E+02,8.11E+00,m
GC1048,2.78E+02,7.84E+00,m
GC1048,2.79E+02,7.57E+00,m
GC1048,2.80E+02,7.29E+00,m
GC1048,2.81E+02,7.00E+00,m
GC1048,2.82E+02,6.71E+00,m
GC1048,2.83E+02,6.41E+00,m
GC1048,2.84E+02,6.11E+00,m
GC1048,2.85E+02,5.80E+00,m
GC1048,2.86E+02,5.49E+00,m
GC1048,2.87E+02,5.17E+00,m
GC1048,2.88E+02,4.85E+00,m
GC1048,2.89E+02,4.52E+00,m
GC1048,2.90E+02,4.20E+00,m
GC1048,2.91E+02,3.87E+00,m
GC1048,2.92E+02,3.54E+00,m
GC1048,2.93E+02,3.21E+00,m
GC1048,2.94E+02,2.89E+00,m
GC1048,2.95E+02,2.57E+00,m
GC1048,2.96E+02,2.25E+00,m
GC1048,2.97E+02,1.95E+00,m
GC1048,2.98E+02,1.66E+00,m
GC1048,2.99E+02,1.39E+00,m
GC1048,3.00E+02,1.14E+00,m
GC1048,3.01E+02,9.07E-01,m
GC1048,3.02E+02,7.05E-01,m
GC1048,3.03E+02,5.31E-01,m
GC1048,3.04E+02,3.88E-01,m
GC1048,3.05E+02,2.74E-01,m
GC1048,3.06E+02,1.87E-01,m
GC1048,3.07E+02,1.24E-01,m
GC1048,3.08E+02,8.00E-02,m
GC1048,3.09E+02,5.05E-02,m
GC1048,3.10E+02,3.12E-02,m
GC1048,3.11E+02,1.90E-02,m
GC1048,3.12E+02,1.14E-02,m
GC1048,3.13E+02,6.81E-03,m
GC1048,3.14E+02,4.03E-03,m
GC1048,3.15E+02,2.38E-03,m
GC1048,3.16E+02,1.41E-03,m
GC1048,3.17E+02,8.39E-04,m
GC1048,3.18E+02,5.11E-04,m
GC1048,3.19E+02,3.21E-04,m
GC1048,3.20E+02,2.11E-04,m
GC1048,3.21E+02,1.48E-04,m
GC1048,3.22E+02,1.11E-04,m
GC1048,3.23E+02,8.89E-05,m
GC1048,3.24E+02,7.53E-05,m
GC1048,3.25E+02,6.67E-05,m
GC1048,3.26E+02,6.08E-05,m
GC1048,3.27E+02,5.65E-05,m
GC1048,3.28E+02,5.32E-05,m
GC1048,3.29E+02,5.05E-05,m
GC1048,3.30E+02,4.82E-05,m
GC1048,3.31E+02,4.62E-05,m
GC1048,3.32E+02,4.44E-05,m
GC1048,3.33E+02,4.27E-05,m
GC1048,3.34E+02,4.11E-05,m
GC1048,3.35E+02,3.97E-05,m
GC1048,3.36E+02,3.83E-05,m
GC1048,3.37E+02,3.70E-05,m
GC1048,3.38E+02,3.58E-05,m
GC1048,3.39E+02,3.47E-05,m
GC1048,3.40E+02,3.36E-05,m
GC1048,3.41E+02,3.26E-05,m
GC1048,3.42E+02,3.16E-05,m
GC1048,3.43E+02,3.07E-05,m
GC1048,3.44E+02,2.99E-05,m
GC1048,3.45E+02,2.90E-05,m
GC1048,3.46E+02,2.83E-05,m
GC1048,3.47E+02,2.76E-05,m
GC1048,3.48E+02,2.69E-05,m
GC1048,3.49E+02,2.64E-05,m
GC1048,3.50E+02,2.60E-05,m
GC1068,12,27.62,e
GC1068,43,10.2,e
GC1068,73,0.35,e
GC1068,107,0.24,e
GC1068,134,0.31,e
GC1068,164,0.34,e
GC1068,197,0.36,e
GC1068,225,0.35,e
GC1068,255,0.35,e
GC1068,284,0.29,e
GC1068,308,0.57,e
GC1068,5.00E-01,2.75E+01,m
GC1068,1.50E+00,2.72E+01,m
GC1068,2.50E+00,2.68E+01,m
GC1068,3.50E+00,2.64E+01,m
GC1068,4.50E+00,2.60E+01,m
GC1068,5.50E+00,2.56E+01,m
GC1068,6.50E+00,2.53E+01,m
GC1068,7.50E+00,2.49E+01,m
GC1068,8.50E+00,2.45E+01,m
GC1068,9.50E+00,2.41E+01,m
GC1068,1.05E+01,2.37E+01,m
GC1068,1.15E+01,2.34E+01,m
GC1068,1.25E+01,2.30E+01,m
GC1068,1.35E+01,2.26E+01,m
GC1068,1.45E+01,2.22E+01,m
GC1068,1.55E+01,2.18E+01,m
GC1068,1.65E+01,2.14E+01,m
GC1068,1.75E+01,2.11E+01,m
GC1068,1.85E+01,2.07E+01,m
GC1068,1.95E+01,2.03E+01,m
GC1068,2.05E+01,1.99E+01,m
GC1068,2.15E+01,1.95E+01,m
GC1068,2.25E+01,1.92E+01,m
GC1068,2.35E+01,1.88E+01,m
GC1068,2.45E+01,1.84E+01,m
GC1068,2.55E+01,1.80E+01,m
GC1068,2.65E+01,1.76E+01,m
GC1068,2.75E+01,1.73E+01,m
GC1068,2.85E+01,1.69E+01,m
GC1068,2.95E+01,1.65E+01,m
GC1068,3.05E+01,1.61E+01,m
GC1068,3.15E+01,1.57E+01,m
GC1068,3.25E+01,1.54E+01,m
GC1068,3.35E+01,1.50E+01,m
GC1068,3.45E+01,1.46E+01,m
GC1068,3.55E+01,1.42E+01,m
GC1068,3.65E+01,1.38E+01,m
GC1068,3.75E+01,1.34E+01,m
GC1068,3.85E+01,1.31E+01,m
GC1068,3.95E+01,1.27E+01,m
GC1068,4.05E+01,1.23E+01,m
GC1068,4.15E+01,1.19E+01,m
GC1068,4.25E+01,1.15E+01,m
GC1068,4.35E+01,1.12E+01,m
GC1068,4.45E+01,1.08E+01,m
GC1068,4.55E+01,1.04E+01,m
GC1068,4.65E+01,1.00E+01,m
GC1068,4.75E+01,9.63E+00,m
GC1068,4.85E+01,9.25E+00,m
GC1068,4.95E+01,8.86E+00,m
GC1068,5.05E+01,8.48E+00,m
GC1068,5.15E+01,8.10E+00,m
GC1068,5.25E+01,7.72E+00,m
GC1068,5.35E+01,7.34E+00,m
GC1068,5.45E+01,6.97E+00,m
GC1068,5.55E+01,6.59E+00,m
GC1068,5.65E+01,6.21E+00,m
GC1068,5.75E+01,5.84E+00,m
GC1068,5.85E+01,5.47E+00,m
GC1068,5.95E+01,5.10E+00,m
GC1068,6.05E+01,4.73E+00,m
GC1068,6.15E+01,4.37E+00,m
GC1068,6.25E+01,4.01E+00,m
GC1068,6.35E+01,3.65E+00,m
GC1068,6.45E+01,3.31E+00,m
GC1068,6.55E+01,2.97E+00,m
GC1068,6.65E+01,2.64E+00,m
GC1068,6.75E+01,2.32E+00,m
GC1068,6.85E+01,2.01E+00,m
GC1068,6.95E+01,1.72E+00,m
GC1068,7.05E+01,1.45E+00,m
GC1068,7.15E+01,1.20E+00,m
GC1068,7.25E+01,9.66E-01,m
GC1068,7.35E+01,7.61E-01,m
GC1068,7.45E+01,5.84E-01,m
GC1068,7.55E+01,4.35E-01,m
GC1068,7.65E+01,3.14E-01,m
GC1068,7.75E+01,2.20E-01,m
GC1068,7.85E+01,1.49E-01,m
GC1068,7.95E+01,9.84E-02,m
GC1068,8.05E+01,6.32E-02,m
GC1068,8.15E+01,3.97E-02,m
GC1068,8.25E+01,2.45E-02,m
GC1068,8.35E+01,1.48E-02,m
GC1068,8.45E+01,8.89E-03,m
GC1068,8.55E+01,5.28E-03,m
GC1068,8.65E+01,3.12E-03,m
GC1068,8.75E+01,1.85E-03,m
GC1068,8.85E+01,1.11E-03,m
GC1068,8.95E+01,6.86E-04,m
GC1068,9.05E+01,4.40E-04,m
GC1068,9.15E+01,2.99E-04,m
GC1068,9.25E+01,2.17E-04,m
GC1068,9.35E+01,1.70E-04,m
GC1068,9.45E+01,1.42E-04,m
GC1068,9.55E+01,1.24E-04,m
GC1068,9.65E+01,1.13E-04,m
GC1068,9.75E+01,1.05E-04,m
GC1068,9.85E+01,9.87E-05,m
GC1068,9.95E+01,9.38E-05,m
GC1068,1.01E+02,8.98E-05,m
GC1068,1.02E+02,8.62E-05,m
GC1068,1.03E+02,8.30E-05,m
GC1068,1.04E+02,8.00E-05,m
GC1068,1.05E+02,7.73E-05,m
GC1068,1.06E+02,7.48E-05,m
GC1068,1.07E+02,7.24E-05,m
GC1068,1.08E+02,7.02E-05,m
GC1068,1.09E+02,6.81E-05,m
GC1068,1.10E+02,6.61E-05,m
GC1068,1.11E+02,6.42E-05,m
GC1068,1.12E+02,6.25E-05,m
GC1068,1.13E+02,6.08E-05,m
GC1068,1.14E+02,5.92E-05,m
GC1068,1.15E+02,5.76E-05,m
GC1068,1.16E+02,5.62E-05,m
GC1068,1.17E+02,5.48E-05,m
GC1068,1.18E+02,5.35E-05,m
GC1068,1.19E+02,5.22E-05,m
GC1068,1.20E+02,5.10E-05,m
GC1068,1.21E+02,4.99E-05,m
GC1068,1.22E+02,4.88E-05,m
GC1068,1.23E+02,4.77E-05,m
GC1068,1.24E+02,4.67E-05,m
GC1068,1.25E+02,4.57E-05,m
GC1068,1.26E+02,4.48E-05,m
GC1068,1.27E+02,4.39E-05,m
GC1068,1.28E+02,4.30E-05,m
GC1068,1.29E+02,4.22E-05,m
GC1068,1.30E+02,4.14E-05,m
GC1068,1.31E+02,4.06E-05,m
GC1068,1.32E+02,3.98E-05,m
GC1068,1.33E+02,3.91E-05,m
GC1068,1.34E+02,3.84E-05,m
GC1068,1.35E+02,3.77E-05,m
GC1068,1.36E+02,3.71E-05,m
GC1068,1.37E+02,3.64E-05,m
GC1068,1.38E+02,3.58E-05,m
GC1068,1.39E+02,3.52E-05,m
GC1068,1.40E+02,3.46E-05,m
GC1068,1.41E+02,3.41E-05,m
GC1068,1.42E+02,3.35E-05,m
GC1068,1.43E+02,3.30E-05,m
GC1068,1.44E+02,3.25E-05,m
GC1068,1.45E+02,3.20E-05,m
GC1068,1.46E+02,3.15E-05,m
GC1068,1.47E+02,3.10E-05,m
GC1068,1.48E+02,3.06E-05,m
GC1068,1.49E+02,3.01E-05,m
GC1068,1.50E+02,2.97E-05,m
GC1068,1.51E+02,2.93E-05,m
GC1068,1.52E+02,2.89E-05,m
GC1068,1.53E+02,2.85E-05,m
GC1068,1.54E+02,2.81E-05,m
GC1068,1.55E+02,2.77E-05,m
GC1068,1.56E+02,2.73E-05,m
GC1068,1.57E+02,2.70E-05,m
GC1068,1.58E+02,2.66E-05,m
GC1068,1.59E+02,2.63E-05,m
GC1068,1.60E+02,2.59E-05,m
GC1068,1.61E+02,2.56E-05,m
GC1068,1.62E+02,2.53E-05,m
GC1068,1.63E+02,2.50E-05,m
GC1068,1.64E+02,2.47E-05,m
GC1068,1.65E+02,2.44E-05,m
GC1068,1.66E+02,2.41E-05,m
GC1068,1.67E+02,2.38E-05,m
GC1068,1.68E+02,2.35E-05,m
GC1068,1.69E+02,2.33E-05,m
GC1068,1.70E+02,2.30E-05,m
GC1068,1.71E+02,2.27E-05,m
GC1068,1.72E+02,2.25E-05,m
GC1068,1.73E+02,2.22E-05,m
GC1068,1.74E+02,2.20E-05,m
GC1068,1.75E+02,2.17E-05,m
GC1068,1.76E+02,2.15E-05,m
GC1068,1.77E+02,2.13E-05,m
GC1068,1.78E+02,2.10E-05,m
GC1068,1.79E+02,2.08E-05,m
GC1068,1.80E+02,2.06E-05,m
GC1068,1.81E+02,2.04E-05,m
GC1068,1.82E+02,2.02E-05,m
GC1068,1.83E+02,2.00E-05,m
GC1068,1.84E+02,1.98E-05,m
GC1068,1.85E+02,1.96E-05,m
GC1068,1.86E+02,1.94E-05,m
GC1068,1.87E+02,1.92E-05,m
GC1068,1.88E+02,1.90E-05,m
GC1068,1.89E+02,1.88E-05,m
GC1068,1.90E+02,1.87E-05,m
GC1068,1.91E+02,1.85E-05,m
GC1068,1.92E+02,1.83E-05,m
GC1068,1.93E+02,1.81E-05,m
GC1068,1.94E+02,1.80E-05,m
GC1068,1.95E+02,1.78E-05,m
GC1068,1.96E+02,1.76E-05,m
GC1068,1.97E+02,1.75E-05,m
GC1068,1.98E+02,1.73E-05,m
GC1068,1.99E+02,1.72E-05,m
GC1068,2.00E+02,1.70E-05,m
GC1068,2.01E+02,1.69E-05,m
GC1068,2.02E+02,1.67E-05,m
GC1068,2.03E+02,1.66E-05,m
GC1068,2.04E+02,1.65E-05,m
GC1068,2.05E+02,1.63E-05,m
GC1068,2.06E+02,1.62E-05,m
GC1068,2.07E+02,1.60E-05,m
GC1068,2.08E+02,1.59E-05,m
GC1068,2.09E+02,1.58E-05,m
GC1068,2.10E+02,1.57E-05,m
GC1068,2.11E+02,1.55E-05,m
GC1068,2.12E+02,1.54E-05,m
GC1068,2.13E+02,1.53E-05,m
GC1068,2.14E+02,1.52E-05,m
GC1068,2.15E+02,1.51E-05,m
GC1068,2.16E+02,1.49E-05,m
GC1068,2.17E+02,1.48E-05,m
GC1068,2.18E+02,1.47E-05,m
GC1068,2.19E+02,1.46E-05,m
GC1068,2.20E+02,1.45E-05,m
GC1068,2.21E+02,1.44E-05,m
GC1068,2.22E+02,1.43E-05,m
GC1068,2.23E+02,1.42E-05,m
GC1068,2.24E+02,1.41E-05,m
GC1068,2.25E+02,1.40E-05,m
GC1068,2.26E+02,1.39E-05,m
GC1068,2.27E+02,1.38E-05,m
GC1068,2.28E+02,1.37E-05,m
GC1068,2.29E+02,1.36E-05,m
GC1068,2.30E+02,1.35E-05,m
GC1068,2.31E+02,1.34E-05,m
GC1068,2.32E+02,1.33E-05,m
GC1068,2.33E+02,1.32E-05,m
GC1068,2.34E+02,1.31E-05,m
GC1068,2.35E+02,1.30E-05,m
GC1068,2.36E+02,1.29E-05,m
GC1068,2.37E+02,1.28E-05,m
GC1068,2.38E+02,1.28E-05,m
GC1068,2.39E+02,1.27E-05,m
GC1068,2.40E+02,1.26E-05,m
GC1068,2.41E+02,1.25E-05,m
GC1068,2.42E+02,1.24E-05,m
GC1068,2.43E+02,1.24E-05,m
GC1068,2.44E+02,1.23E-05,m
GC1068,2.45E+02,1.22E-05,m
GC1068,2.46E+02,1.21E-05,m
GC1068,2.47E+02,1.20E-05,m
GC1068,2.48E+02,1.20E-05,m
GC1068,2.49E+02,1.19E-05,m
GC1068,2.50E+02,1.18E-05,m
GC1068,2.51E+02,1.18E-05,m
GC1068,2.52E+02,1.17E-05,m
GC1068,2.53E+02,1.16E-05,m
GC1068,2.54E+02,1.15E-05,m
GC1068,2.55E+02,1.15E-05,m
GC1068,2.56E+02,1.14E-05,m
GC1068,2.57E+02,1.13E-05,m
GC1068,2.58E+02,1.13E-05,m
GC1068,2.59E+02,1.12E-05,m
GC1068,2.60E+02,1.11E-05,m
GC1068,2.61E+02,1.11E-05,m
GC1068,2.62E+02,1.10E-05,m
GC1068,2.63E+02,1.10E-05,m
GC1068,2.64E+02,1.09E-05,m
GC1068,2.65E+02,1.08E-05,m
GC1068,2.66E+02,1.08E-05,m
GC1068,2.67E+02,1.07E-05,m
GC1068,2.68E+02,1.07E-05,m
GC1068,2.69E+02,1.06E-05,m
GC1068,2.70E+02,1.05E-05,m
GC1068,2.71E+02,1.05E-05,m
GC1068,2.72E+02,1.04E-05,m
GC1068,2.73E+02,1.04E-05,m
GC1068,2.74E+02,1.03E-05,m
GC1068,2.75E+02,1.03E-05,m
GC1068,2.76E+02,1.02E-05,m
GC1068,2.77E+02,1.02E-05,m
GC1068,2.78E+02,1.01E-05,m
GC1068,2.79E+02,1.01E-05,m
GC1068,2.80E+02,1.00E-05,m
GC1068,2.81E+02,9.96E-06,m
GC1068,2.82E+02,9.91E-06,m
GC1068,2.83E+02,9.86E-06,m
GC1068,2.84E+02,9.81E-06,m
GC1068,2.85E+02,9.77E-06,m
GC1068,2.86E+02,9.72E-06,m
GC1068,2.87E+02,9.67E-06,m
GC1068,2.88E+02,9.63E-06,m
GC1068,2.89E+02,9.58E-06,m
GC1068,2.90E+02,9.53E-06,m
GC1068,2.91E+02,9.49E-06,m
GC1068,2.92E+02,9.44E-06,m
GC1068,2.93E+02,9.40E-06,m
GC1068,2.94E+02,9.36E-06,m
GC1068,2.95E+02,9.31E-06,m
GC1068,2.96E+02,9.27E-06,m
GC1068,2.97E+02,9.23E-06,m
GC1068,2.98E+02,9.19E-06,m
GC1068,2.99E+02,9.15E-06,m
GC1068,3.00E+02,9.10E-06,m
GC1068,3.01E+02,9.06E-06,m
GC1068,3.02E+02,9.02E-06,m
GC1068,3.03E+02,8.99E-06,m
GC1068,3.04E+02,8.95E-06,m
GC1068,3.05E+02,8.91E-06,m
GC1068,3.06E+02,8.87E-06,m
GC1068,3.07E+02,8.84E-06,m
GC1068,3.08E+02,8.82E-06,m
GC1069,8,27.91,e
GC1069,38,24.86,e
GC1069,68,14.92,e
GC1069,108,0.58,e
GC1069,138,0.37,e
GC1069,208,0.26,e
GC1069,5.00E-01,2.76E+01,m
GC1069,1.50E+00,2.74E+01,m
GC1069,2.50E+00,2.71E+01,m
GC1069,3.50E+00,2.68E+01,m
GC1069,4.50E+00,2.66E+01,m
GC1069,5.50E+00,2.63E+01,m
GC1069,6.50E+00,2.60E+01,m
GC1069,7.50E+00,2.58E+01,m
GC1069,8.50E+00,2.55E+01,m
GC1069,9.50E+00,2.53E+01,m
GC1069,1.05E+01,2.50E+01,m
GC1069,1.15E+01,2.47E+01,m
GC1069,1.25E+01,2.45E+01,m
GC1069,1.35E+01,2.42E+01,m
GC1069,1.45E+01,2.39E+01,m
GC1069,1.55E+01,2.37E+01,m
GC1069,1.65E+01,2.34E+01,m
GC1069,1.75E+01,2.31E+01,m
GC1069,1.85E+01,2.29E+01,m
GC1069,1.95E+01,2.26E+01,m
GC1069,2.05E+01,2.23E+01,m
GC1069,2.15E+01,2.21E+01,m
GC1069,2.25E+01,2.18E+01,m
GC1069,2.35E+01,2.15E+01,m
GC1069,2.45E+01,2.13E+01,m
GC1069,2.55E+01,2.10E+01,m
GC1069,2.65E+01,2.07E+01,m
GC1069,2.75E+01,2.05E+01,m
GC1069,2.85E+01,2.02E+01,m
GC1069,2.95E+01,1.99E+01,m
GC1069,3.05E+01,1.97E+01,m
GC1069,3.15E+01,1.94E+01,m
GC1069,3.25E+01,1.91E+01,m
GC1069,3.35E+01,1.89E+01,m
GC1069,3.45E+01,1.86E+01,m
GC1069,3.55E+01,1.83E+01,m
GC1069,3.65E+01,1.81E+01,m
GC1069,3.75E+01,1.78E+01,m
GC1069,3.85E+01,1.75E+01,m
GC1069,3.95E+01,1.73E+01,m
GC1069,4.05E+01,1.70E+01,m
GC1069,4.15E+01,1.67E+01,m
GC1069,4.25E+01,1.65E+01,m
GC1069,4.35E+01,1.62E+01,m
GC1069,4.45E+01,1.59E+01,m
GC1069,4.55E+01,1.57E+01,m
GC1069,4.65E+01,1.54E+01,m
GC1069,4.75E+01,1.51E+01,m
GC1069,4.85E+01,1.49E+01,m
GC1069,4.95E+01,1.46E+01,m
GC1069,5.05E+01,1.43E+01,m
GC1069,5.15E+01,1.41E+01,m
GC1069,5.25E+01,1.38E+01,m
GC1069,5.35E+01,1.35E+01,m
GC1069,5.45E+01,1.33E+01,m
GC1069,5.55E+01,1.30E+01,m
GC1069,5.65E+01,1.27E+01,m
GC1069,5.75E+01,1.25E+01,m
GC1069,5.85E+01,1.22E+01,m
GC1069,5.95E+01,1.19E+01,m
GC1069,6.05E+01,1.17E+01,m
GC1069,6.15E+01,1.14E+01,m
GC1069,6.25E+01,1.11E+01,m
GC1069,6.35E+01,1.09E+01,m
GC1069,6.45E+01,1.06E+01,m
GC1069,6.55E+01,1.03E+01,m
GC1069,6.65E+01,1.01E+01,m
GC1069,6.75E+01,9.78E+00,m
GC1069,6.85E+01,9.52E+00,m
GC1069,6.95E+01,9.25E+00,m
GC1069,7.05E+01,8.98E+00,m
GC1069,7.15E+01,8.71E+00,m
GC1069,7.25E+01,8.45E+00,m
GC1069,7.35E+01,8.18E+00,m
GC1069,7.45E+01,7.91E+00,m
GC1069,7.55E+01,7.64E+00,m
GC1069,7.65E+01,7.38E+00,m
GC1069,7.75E+01,7.11E+00,m
GC1069,7.85E+01,6.84E+00,m
GC1069,7.95E+01,6.57E+00,m
GC1069,8.05E+01,6.31E+00,m
GC1069,8.15E+01,6.04E+00,m
GC1069,8.25E+01,5.77E+00,m
GC1069,8.35E+01,5.51E+00,m
GC1069,8.45E+01,5.24E+00,m
GC1069,8.55E+01,4.98E+00,m
GC1069,8.65E+01,4.71E+00,m
GC1069,8.75E+01,4.45E+00,m
GC1069,8.85E+01,4.19E+00,m
GC1069,8.95E+01,3.93E+00,m
GC1069,9.05E+01,3.67E+00,m
GC1069,9.15E+01,3.41E+00,m
GC1069,9.25E+01,3.16E+00,m
GC1069,9.35E+01,2.91E+00,m
GC1069,9.45E+01,2.66E+00,m
GC1069,9.55E+01,2.42E+00,m
GC1069,9.65E+01,2.18E+00,m
GC1069,9.75E+01,1.95E+00,m
GC1069,9.85E+01,1.72E+00,m
GC1069,9.95E+01,1.51E+00,m
GC1069,1.01E+02,1.30E+00,m
GC1069,1.02E+02,1.11E+00,m
GC1069,1.03E+02,9.32E-01,m
GC1069,1.04E+02,7.67E-01,m
GC1069,1.05E+02,6.19E-01,m
GC1069,1.06E+02,4.89E-01,m
GC1069,1.07E+02,3.77E-01,m
GC1069,1.08E+02,2.83E-01,m
GC1069,1.09E+02,2.08E-01,m
GC1069,1.10E+02,1.48E-01,m
GC1069,1.11E+02,1.04E-01,m
GC1069,1.12E+02,7.06E-02,m
GC1069,1.13E+02,4.72E-02,m
GC1069,1.14E+02,3.10E-02,m
GC1069,1.15E+02,2.00E-02,m
GC1069,1.16E+02,1.28E-02,m
GC1069,1.17E+02,8.06E-03,m
GC1069,1.18E+02,5.06E-03,m
GC1069,1.19E+02,3.17E-03,m
GC1069,1.20E+02,2.00E-03,m
GC1069,1.21E+02,1.27E-03,m
GC1069,1.22E+02,8.32E-04,m
GC1069,1.23E+02,5.64E-04,m
GC1069,1.24E+02,4.02E-04,m
GC1069,1.25E+02,3.03E-04,m
GC1069,1.26E+02,2.42E-04,m
GC1069,1.27E+02,2.04E-04,m
GC1069,1.28E+02,1.80E-04,m
GC1069,1.29E+02,1.63E-04,m
GC1069,1.30E+02,1.52E-04,m
GC1069,1.31E+02,1.43E-04,m
GC1069,1.32E+02,1.36E-04,m
GC1069,1.33E+02,1.30E-04,m
GC1069,1.34E+02,1.25E-04,m
GC1069,1.35E+02,1.20E-04,m
GC1069,1.36E+02,1.16E-04,m
GC1069,1.37E+02,1.12E-04,m
GC1069,1.38E+02,1.09E-04,m
GC1069,1.39E+02,1.05E-04,m
GC1069,1.40E+02,1.02E-04,m
GC1069,1.41E+02,9.92E-05,m
GC1069,1.42E+02,9.64E-05,m
GC1069,1.43E+02,9.38E-05,m
GC1069,1.44E+02,9.13E-05,m
GC1069,1.45E+02,8.89E-05,m
GC1069,1.46E+02,8.66E-05,m
GC1069,1.47E+02,8.45E-05,m
GC1069,1.48E+02,8.24E-05,m
GC1069,1.49E+02,8.05E-05,m
GC1069,1.50E+02,7.86E-05,m
GC1069,1.51E+02,7.68E-05,m
GC1069,1.52E+02,7.51E-05,m
GC1069,1.53E+02,7.35E-05,m
GC1069,1.54E+02,7.19E-05,m
GC1069,1.55E+02,7.04E-05,m
GC1069,1.56E+02,6.90E-05,m
GC1069,1.57E+02,6.76E-05,m
GC1069,1.58E+02,6.63E-05,m
GC1069,1.59E+02,6.50E-05,m
GC1069,1.60E+02,6.37E-05,m
GC1069,1.61E+02,6.25E-05,m
GC1069,1.62E+02,6.14E-05,m
GC1069,1.63E+02,6.03E-05,m
GC1069,1.64E+02,5.92E-05,m
GC1069,1.65E+02,5.82E-05,m
GC1069,1.66E+02,5.72E-05,m
GC1069,1.67E+02,5.62E-05,m
GC1069,1.68E+02,5.52E-05,m
GC1069,1.69E+02,5.43E-05,m
GC1069,1.70E+02,5.35E-05,m
GC1069,1.71E+02,5.26E-05,m
GC1069,1.72E+02,5.18E-05,m
GC1069,1.73E+02,5.10E-05,m
GC1069,1.74E+02,5.02E-05,m
GC1069,1.75E+02,4.94E-05,m
GC1069,1.76E+02,4.87E-05,m
GC1069,1.77E+02,4.80E-05,m
GC1069,1.78E+02,4.73E-05,m
GC1069,1.79E+02,4.66E-05,m
GC1069,1.80E+02,4.59E-05,m
GC1069,1.81E+02,4.53E-05,m
GC1069,1.82E+02,4.47E-05,m
GC1069,1.83E+02,4.41E-05,m
GC1069,1.84E+02,4.35E-05,m
GC1069,1.85E+02,4.29E-05,m
GC1069,1.86E+02,4.23E-05,m
GC1069,1.87E+02,4.18E-05,m
GC1069,1.88E+02,4.13E-05,m
GC1069,1.89E+02,4.07E-05,m
GC1069,1.90E+02,4.02E-05,m
GC1069,1.91E+02,3.97E-05,m
GC1069,1.92E+02,3.92E-05,m
GC1069,1.93E+02,3.88E-05,m
GC1069,1.94E+02,3.83E-05,m
GC1069,1.95E+02,3.79E-05,m
GC1069,1.96E+02,3.74E-05,m
GC1069,1.97E+02,3.70E-05,m
GC1069,1.98E+02,3.66E-05,m
GC1069,1.99E+02,3.61E-05,m
GC1069,2.00E+02,3.57E-05,m
GC1069,2.01E+02,3.53E-05,m
GC1069,2.02E+02,3.49E-05,m
GC1069,2.03E+02,3.46E-05,m
GC1069,2.04E+02,3.42E-05,m
GC1069,2.05E+02,3.38E-05,m
GC1069,2.06E+02,3.35E-05,m
GC1069,2.07E+02,3.31E-05,m
GC1069,2.08E+02,3.28E-05,m
GC1069,2.09E+02,3.24E-05,m
GC1069,2.10E+02,3.21E-05,m
GC1069,2.11E+02,3.18E-05,m
GC1069,2.12E+02,3.15E-05,m
GC1069,2.13E+02,3.12E-05,m
GC1069,2.14E+02,3.09E-05,m
GC1069,2.15E+02,3.06E-05,m
GC1069,2.16E+02,3.03E-05,m
GC1069,2.17E+02,3.00E-05,m
GC1069,2.18E+02,2.97E-05,m
GC1069,2.19E+02,2.94E-05,m
GC1069,2.20E+02,2.92E-05,m
GC1069,2.21E+02,2.89E-05,m
GC1069,2.22E+02,2.86E-05,m
GC1069,2.23E+02,2.84E-05,m
GC1069,2.24E+02,2.81E-05,m
GC1069,2.25E+02,2.79E-05,m
GC1069,2.26E+02,2.76E-05,m
GC1069,2.27E+02,2.74E-05,m
GC1069,2.28E+02,2.71E-05,m
GC1069,2.29E+02,2.69E-05,m
GC1069,2.30E+02,2.67E-05,m
GC1069,2.31E+02,2.65E-05,m
GC1069,2.32E+02,2.62E-05,m
GC1069,2.33E+02,2.60E-05,m
GC1069,2.34E+02,2.58E-05,m
GC1069,2.35E+02,2.56E-05,m
GC1069,2.36E+02,2.54E-05,m
GC1069,2.37E+02,2.52E-05,m
GC1069,2.38E+02,2.50E-05,m
GC1069,2.39E+02,2.48E-05,m
GC1069,2.40E+02,2.46E-05,m
GC1069,2.41E+02,2.44E-05,m
GC1069,2.42E+02,2.42E-05,m
GC1069,2.43E+02,2.40E-05,m
GC1069,2.44E+02,2.38E-05,m
GC1069,2.45E+02,2.37E-05,m
GC1069,2.46E+02,2.35E-05,m
GC1069,2.47E+02,2.33E-05,m
GC1069,2.48E+02,2.31E-05,m
GC1069,2.49E+02,2.30E-05,m
GC1069,2.50E+02,2.28E-05,m
GC1069,2.51E+02,2.26E-05,m
GC1069,2.52E+02,2.25E-05,m
GC1069,2.53E+02,2.23E-05,m
GC1069,2.54E+02,2.22E-05,m
GC1069,2.55E+02,2.20E-05,m
GC1069,2.56E+02,2.19E-05,m
GC1069,2.57E+02,2.17E-05,m
GC1069,2.58E+02,2.16E-05,m
GC1069,2.59E+02,2.14E-05,m
GC1069,2.60E+02,2.13E-05,m
GC1069,2.61E+02,2.11E-05,m
GC1069,2.62E+02,2.10E-05,m
GC1069,2.63E+02,2.08E-05,m
GC1069,2.64E+02,2.07E-05,m
GC1069,2.65E+02,2.06E-05,m
GC1069,2.66E+02,2.04E-05,m
GC1069,2.67E+02,2.03E-05,m
GC1069,2.68E+02,2.02E-05,m
GC1069,2.69E+02,2.00E-05,m
GC1069,2.70E+02,1.99E-05,m
GC1069,2.71E+02,1.98E-05,m
GC1069,2.72E+02,1.97E-05,m
GC1069,2.73E+02,1.96E-05,m
GC1069,2.74E+02,1.94E-05,m
GC1069,2.75E+02,1.93E-05,m
GC1069,2.76E+02,1.92E-05,m
GC1069,2.77E+02,1.91E-05,m
GC1069,2.78E+02,1.90E-05,m
GC1069,2.79E+02,1.89E-05,m
GC1069,2.80E+02,1.87E-05,m
GC1069,2.81E+02,1.86E-05,m
GC1069,2.82E+02,1.85E-05,m
GC1069,2.83E+02,1.84E-05,m
GC1069,2.84E+02,1.83E-05,m
GC1069,2.85E+02,1.82E-05,m
GC1069,2.86E+02,1.81E-05,m
GC1069,2.87E+02,1.80E-05,m
GC1069,2.88E+02,1.79E-05,m
GC1069,2.89E+02,1.78E-05,m
GC1069,2.90E+02,1.77E-05,m
GC1069,2.91E+02,1.76E-05,m
GC1069,2.92E+02,1.75E-05,m
GC1069,2.93E+02,1.74E-05,m
GC1069,2.94E+02,1.73E-05,m
GC1069,2.95E+02,1.72E-05,m
GC1069,2.96E+02,1.71E-05,m
GC1069,2.97E+02,1.71E-05,m
GC1069,2.98E+02,1.70E-05,m
GC1069,2.99E+02,1.69E-05,m
GC1069,3.00E+02,1.68E-05,m
GC1069,3.01E+02,1.67E-05,m
GC1069,3.02E+02,1.66E-05,m
GC1069,3.03E+02,1.65E-05,m
GC1069,3.04E+02,1.65E-05,m
GC1069,3.05E+02,1.64E-05,m
GC1069,3.06E+02,1.63E-05,m
GC1069,3.07E+02,1.62E-05,m
GC1069,3.08E+02,1.62E-05,m
GC1070,8,27.13,e
GC1070,38,11.86,e
GC1070,68,0.33,e
GC1070,108,0.67,e
GC1070,138,0.86,e
GC1070,173,0.35,e
GC1070,208,0.39,e
GC1070,5.00E-01,2.75E+01,m
GC1070,1.50E+00,2.71E+01,m
GC1070,2.50E+00,2.67E+01,m
GC1070,3.50E+00,2.62E+01,m
GC1070,4.50E+00,2.58E+01,m
GC1070,5.50E+00,2.54E+01,m
GC1070,6.50E+00,2.50E+01,m
GC1070,7.50E+00,2.46E+01,m
GC1070,8.50E+00,2.41E+01,m
GC1070,9.50E+00,2.37E+01,m
GC1070,1.05E+01,2.33E+01,m
GC1070,1.15E+01,2.29E+01,m
GC1070,1.25E+01,2.25E+01,m
GC1070,1.35E+01,2.20E+01,m
GC1070,1.45E+01,2.16E+01,m
GC1070,1.55E+01,2.12E+01,m
GC1070,1.65E+01,2.08E+01,m
GC1070,1.75E+01,2.04E+01,m
GC1070,1.85E+01,1.99E+01,m
GC1070,1.95E+01,1.95E+01,m
GC1070,2.05E+01,1.91E+01,m
GC1070,2.15E+01,1.87E+01,m
GC1070,2.25E+01,1.83E+01,m
GC1070,2.35E+01,1.78E+01,m
GC1070,2.45E+01,1.74E+01,m
GC1070,2.55E+01,1.70E+01,m
GC1070,2.65E+01,1.66E+01,m
GC1070,2.75E+01,1.62E+01,m
GC1070,2.85E+01,1.57E+01,m
GC1070,2.95E+01,1.53E+01,m
GC1070,3.05E+01,1.49E+01,m
GC1070,3.15E+01,1.45E+01,m
GC1070,3.25E+01,1.41E+01,m
GC1070,3.35E+01,1.36E+01,m
GC1070,3.45E+01,1.32E+01,m
GC1070,3.55E+01,1.28E+01,m
GC1070,3.65E+01,1.24E+01,m
GC1070,3.75E+01,1.19E+01,m
GC1070,3.85E+01,1.15E+01,m
GC1070,3.95E+01,1.11E+01,m
GC1070,4.05E+01,1.07E+01,m
GC1070,4.15E+01,1.03E+01,m
GC1070,4.25E+01,9.84E+00,m
GC1070,4.35E+01,9.42E+00,m
GC1070,4.45E+01,9.00E+00,m
GC1070,4.55E+01,8.58E+00,m
GC1070,4.65E+01,8.16E+00,m
GC1070,4.75E+01,7.75E+00,m
GC1070,4.85E+01,7.33E+00,m
GC1070,4.95E+01,6.91E+00,m
GC1070,5.05E+01,6.50E+00,m
GC1070,5.15E+01,6.09E+00,m
GC1070,5.25E+01,5.68E+00,m
GC1070,5.35E+01,5.27E+00,m
GC1070,5.45E+01,4.87E+00,m
GC1070,5.55E+01,4.47E+00,m
GC1070,5.65E+01,4.08E+00,m
GC1070,5.75E+01,3.70E+00,m
GC1070,5.85E+01,3.32E+00,m
GC1070,5.95E+01,2.95E+00,m
GC1070,6.05E+01,2.60E+00,m
GC1070,6.15E+01,2.26E+00,m
GC1070,6.25E+01,1.93E+00,m
GC1070,6.35E+01,1.63E+00,m
GC1070,6.45E+01,1.34E+00,m
GC1070,6.55E+01,1.09E+00,m
GC1070,6.65E+01,8.56E-01,m
GC1070,6.75E+01,6.56E-01,m
GC1070,6.85E+01,4.87E-01,m
GC1070,6.95E+01,3.51E-01,m
GC1070,7.05E+01,2.44E-01,m
GC1070,7.15E+01,1.64E-01,m
GC1070,7.25E+01,1.07E-01,m
GC1070,7.35E+01,6.81E-02,m
GC1070,7.45E+01,4.22E-02,m
GC1070,7.55E+01,2.57E-02,m
GC1070,7.65E+01,1.54E-02,m
GC1070,7.75E+01,9.07E-03,m
GC1070,7.85E+01,5.31E-03,m
GC1070,7.95E+01,3.10E-03,m
GC1070,8.05E+01,1.81E-03,m
GC1070,8.15E+01,1.08E-03,m
GC1070,8.25E+01,6.56E-04,m
GC1070,8.35E+01,4.18E-04,m
GC1070,8.45E+01,2.83E-04,m
GC1070,8.55E+01,2.07E-04,m
GC1070,8.65E+01,1.62E-04,m
GC1070,8.75E+01,1.36E-04,m
GC1070,8.85E+01,1.20E-04,m
GC1070,8.95E+01,1.09E-04,m
GC1070,9.05E+01,1.02E-04,m
GC1070,9.15E+01,9.63E-05,m
GC1070,9.25E+01,9.17E-05,m
GC1070,9.35E+01,8.78E-05,m
GC1070,9.45E+01,8.44E-05,m
GC1070,9.55E+01,8.13E-05,m
GC1070,9.65E+01,7.84E-05,m
GC1070,9.75E+01,7.58E-05,m
GC1070,9.85E+01,7.33E-05,m
GC1070,9.95E+01,7.10E-05,m
GC1070,1.01E+02,6.89E-05,m
GC1070,1.02E+02,6.68E-05,m
GC1070,1.03E+02,6.49E-05,m
GC1070,1.04E+02,6.31E-05,m
GC1070,1.05E+02,6.13E-05,m
GC1070,1.06E+02,5.97E-05,m
GC1070,1.07E+02,5.82E-05,m
GC1070,1.08E+02,5.67E-05,m
GC1070,1.09E+02,5.53E-05,m
GC1070,1.10E+02,5.39E-05,m
GC1070,1.11E+02,5.26E-05,m
GC1070,1.12E+02,5.14E-05,m
GC1070,1.13E+02,5.02E-05,m
GC1070,1.14E+02,4.91E-05,m
GC1070,1.15E+02,4.80E-05,m
GC1070,1.16E+02,4.70E-05,m
GC1070,1.17E+02,4.60E-05,m
GC1070,1.18E+02,4.51E-05,m
GC1070,1.19E+02,4.41E-05,m
GC1070,1.20E+02,4.33E-05,m
GC1070,1.21E+02,4.24E-05,m
GC1070,1.22E+02,4.16E-05,m
GC1070,1.23E+02,4.08E-05,m
GC1070,1.24E+02,4.01E-05,m
GC1070,1.25E+02,3.93E-05,m
GC1070,1.26E+02,3.86E-05,m
GC1070,1.27E+02,3.79E-05,m
GC1070,1.28E+02,3.73E-05,m
GC1070,1.29E+02,3.66E-05,m
GC1070,1.30E+02,3.60E-05,m
GC1070,1.31E+02,3.54E-05,m
GC1070,1.32E+02,3.48E-05,m
GC1070,1.33E+02,3.43E-05,m
GC1070,1.34E+02,3.37E-05,m
GC1070,1.35E+02,3.32E-05,m
GC1070,1.36E+02,3.27E-05,m
GC1070,1.37E+02,3.22E-05,m
GC1070,1.38E+02,3.17E-05,m
GC1070,1.39E+02,3.12E-05,m
GC1070,1.40E+02,3.07E-05,m
GC1070,1.41E+02,3.03E-05,m
GC1070,1.42E+02,2.99E-05,m
GC1070,1.43E+02,2.94E-05,m
GC1070,1.44E+02,2.90E-05,m
GC1070,1.45E+02,2.86E-05,m
GC1070,1.46E+02,2.82E-05,m
GC1070,1.47E+02,2.79E-05,m
GC1070,1.48E+02,2.75E-05,m
GC1070,1.49E+02,2.71E-05,m
GC1070,1.50E+02,2.68E-05,m
GC1070,1.51E+02,2.64E-05,m
GC1070,1.52E+02,2.61E-05,m
GC1070,1.53E+02,2.58E-05,m
GC1070,1.54E+02,2.54E-05,m
GC1070,1.55E+02,2.51E-05,m
GC1070,1.56E+02,2.48E-05,m
GC1070,1.57E+02,2.45E-05,m
GC1070,1.58E+02,2.42E-05,m
GC1070,1.59E+02,2.39E-05,m
GC1070,1.60E+02,2.37E-05,m
GC1070,1.61E+02,2.34E-05,m
GC1070,1.62E+02,2.31E-05,m
GC1070,1.63E+02,2.29E-05,m
GC1070,1.64E+02,2.26E-05,m
GC1070,1.65E+02,2.24E-05,m
GC1070,1.66E+02,2.21E-05,m
GC1070,1.67E+02,2.19E-05,m
GC1070,1.68E+02,2.16E-05,m
GC1070,1.69E+02,2.14E-05,m
GC1070,1.70E+02,2.12E-05,m
GC1070,1.71E+02,2.10E-05,m
GC1070,1.72E+02,2.07E-05,m
GC1070,1.73E+02,2.05E-05,m
GC1070,1.74E+02,2.03E-05,m
GC1070,1.75E+02,2.01E-05,m
GC1070,1.76E+02,1.99E-05,m
GC1070,1.77E+02,1.97E-05,m
GC1070,1.78E+02,1.95E-05,m
GC1070,1.79E+02,1.93E-05,m
GC1070,1.80E+02,1.91E-05,m
GC1070,1.81E+02,1.90E-05,m
GC1070,1.82E+02,1.88E-05,m
GC1070,1.83E+02,1.86E-05,m
GC1070,1.84E+02,1.84E-05,m
GC1070,1.85E+02,1.83E-05,m
GC1070,1.86E+02,1.81E-05,m
GC1070,1.87E+02,1.79E-05,m
GC1070,1.88E+02,1.78E-05,m
GC1070,1.89E+02,1.76E-05,m
GC1070,1.90E+02,1.75E-05,m
GC1070,1.91E+02,1.73E-05,m
GC1070,1.92E+02,1.72E-05,m
GC1070,1.93E+02,1.70E-05,m
GC1070,1.94E+02,1.69E-05,m
GC1070,1.95E+02,1.67E-05,m
GC1070,1.96E+02,1.66E-05,m
GC1070,1.97E+02,1.64E-05,m
GC1070,1.98E+02,1.63E-05,m
GC1070,1.99E+02,1.62E-05,m
GC1070,2.00E+02,1.60E-05,m
GC1070,2.01E+02,1.59E-05,m
GC1070,2.02E+02,1.58E-05,m
GC1070,2.03E+02,1.56E-05,m
GC1070,2.04E+02,1.55E-05,m
GC1070,2.05E+02,1.54E-05,m
GC1070,2.06E+02,1.53E-05,m
GC1070,2.07E+02,1.52E-05,m
GC1070,2.08E+02,1.50E-05,m
GC1070,2.09E+02,1.49E-05,m
GC1070,2.10E+02,1.48E-05,m
GC1070,2.11E+02,1.47E-05,m
GC1070,2.12E+02,1.46E-05,m
GC1070,2.13E+02,1.45E-05,m
GC1070,2.14E+02,1.44E-05,m
GC1070,2.15E+02,1.43E-05,m
GC1070,2.16E+02,1.42E-05,m
GC1070,2.17E+02,1.41E-05,m
GC1070,2.18E+02,1.40E-05,m
GC1070,2.19E+02,1.39E-05,m
GC1070,2.20E+02,1.38E-05,m
GC1070,2.21E+02,1.37E-05,m
GC1070,2.22E+02,1.36E-05,m
GC1070,2.23E+02,1.35E-05,m
GC1070,2.24E+02,1.34E-05,m
GC1070,2.25E+02,1.33E-05,m
GC1070,2.26E+02,1.32E-05,m
GC1070,2.27E+02,1.31E-05,m
GC1070,2.28E+02,1.30E-05,m
GC1070,2.29E+02,1.29E-05,m
GC1070,2.30E+02,1.29E-05,m
GC1070,2.31E+02,1.28E-05,m
GC1070,2.32E+02,1.27E-05,m
GC1070,2.33E+02,1.26E-05,m
GC1070,2.34E+02,1.25E-05,m
GC1070,2.35E+02,1.24E-05,m
GC1070,2.36E+02,1.24E-05,m
GC1070,2.37E+02,1.23E-05,m
GC1070,2.38E+02,1.22E-05,m
GC1070,2.39E+02,1.21E-05,m
GC1070,2.40E+02,1.21E-05,m
GC1070,2.41E+02,1.20E-05,m
GC1070,2.42E+02,1.19E-05,m
GC1070,2.43E+02,1.18E-05,m
GC1070,2.44E+02,1.18E-05,m
GC1070,2.45E+02,1.17E-05,m
GC1070,2.46E+02,1.16E-05,m
GC1070,2.47E+02,1.16E-05,m
GC1070,2.48E+02,1.15E-05,m
GC1070,2.49E+02,1.14E-05,m
GC1070,2.50E+02,1.14E-05,m
GC1070,2.51E+02,1.13E-05,m
GC1070,2.52E+02,1.12E-05,m
GC1070,2.53E+02,1.12E-05,m
GC1070,2.54E+02,1.11E-05,m
GC1070,2.55E+02,1.10E-05,m
GC1070,2.56E+02,1.10E-05,m
GC1070,2.57E+02,1.09E-05,m
GC1070,2.58E+02,1.09E-05,m
GC1070,2.59E+02,1.08E-05,m
GC1070,2.60E+02,1.07E-05,m
GC1070,2.61E+02,1.07E-05,m
GC1070,2.62E+02,1.06E-05,m
GC1070,2.63E+02,1.06E-05,m
GC1070,2.64E+02,1.05E-05,m
GC1070,2.65E+02,1.04E-05,m
GC1070,2.66E+02,1.04E-05,m
GC1070,2.67E+02,1.03E-05,m
GC1070,2.68E+02,1.03E-05,m
GC1070,2.69E+02,1.02E-05,m
GC1070,2.70E+02,1.02E-05,m
GC1070,2.71E+02,1.01E-05,m
GC1070,2.72E+02,1.01E-05,m
GC1070,2.73E+02,1.00E-05,m
GC1070,2.74E+02,9.97E-06,m
GC1070,2.75E+02,9.92E-06,m
GC1070,2.76E+02,9.87E-06,m
GC1070,2.77E+02,9.82E-06,m
GC1070,2.78E+02,9.78E-06,m
GC1070,2.79E+02,9.73E-06,m
GC1070,2.80E+02,9.68E-06,m
GC1070,2.81E+02,9.63E-06,m
GC1070,2.82E+02,9.59E-06,m
GC1070,2.83E+02,9.54E-06,m
GC1070,2.84E+02,9.50E-06,m
GC1070,2.85E+02,9.45E-06,m
GC1070,2.86E+02,9.41E-06,m
GC1070,2.87E+02,9.36E-06,m
GC1070,2.88E+02,9.32E-06,m
GC1070,2.89E+02,9.28E-06,m
GC1070,2.90E+02,9.23E-06,m
GC1070,2.91E+02,9.19E-06,m
GC1070,2.92E+02,9.15E-06,m
GC1070,2.93E+02,9.11E-06,m
GC1070,2.94E+02,9.07E-06,m
GC1070,2.95E+02,9.03E-06,m
GC1070,2.96E+02,8.99E-06,m
GC1070,2.97E+02,8.95E-06,m
GC1070,2.98E+02,8.91E-06,m
GC1070,2.99E+02,8.87E-06,m
GC1070,3.00E+02,8.83E-06,m
GC1070,3.01E+02,8.79E-06,m
GC1070,3.02E+02,8.76E-06,m
GC1070,3.03E+02,8.72E-06,m
GC1070,3.04E+02,8.68E-06,m
GC1070,3.05E+02,8.65E-06,m
GC1070,3.06E+02,8.61E-06,m
GC1070,3.07E+02,8.58E-06,m
GC1070,3.08E+02,8.56E-06,m
GC1081,0,22.911,m
GC1081,0.025,22.821,m
GC1081,0.05,22.729,m
GC1081,0.075,22.635,m
GC1081,0.1,22.536,m
GC1081,0.125,22.431,m
GC1081,0.15,22.317,m
GC1081,0.175,22.19,m
GC1081,0.2,22.044,m
GC1081,0.225,21.871,m
GC1081,0.25,21.66,m
GC1081,0.275,21.395,m
GC1081,0.3,21.051,m
GC1081,0.325,20.596,m
GC1081,0.35,19.983,m
GC1081,0.375,19.147,m
GC1081,0.4,17.999,m
GC1081,0.425,16.421,m
GC1081,0.45,14.275,m
GC1081,0.475,11.436,m
GC1081,0.5,7.9056,m
GC1081,0.525,4.0732,m
GC1081,0.55,1.0464,m
GC1081,0.575,0.094708,m
GC1081,0.6,0.0063467,m
GC1081,0.625,0.00038776,m
GC1081,0.65,2.25E-05,m
GC1081,0.675,1.26E-06,m
GC1081,0.7,6.93E-08,m
GC1081,0.725,3.73E-09,m
GC1081,0.75,1.98E-10,m
GC1081,0.775,1.04E-11,m
GC1081,0.8,5.45E-13,m
GC1081,0.825,2.81E-14,m
GC1081,0.85,1.45E-15,m
GC1081,0.875,8.14E-17,m
GC1081,0.9,3.50E-18,m
GC1081,0.925,0.00E+00,m
GC1081,0.95,7.50E-19,m
GC1081,0.975,0.00E+00,m
GC1081,1,0.00E+00,m
GC1081,0.06,22.62560437,e
GC1081,0.17,23.20251129,e
GC1081,0.37,25.61760623,e
GC1081,0.47,9.488659334,e
GC1081,0.57,0.395134609,e
GC1081,0.7,0.497044947,e
GC1045,0.1,24.99,e
GC1045,0.25,26.19,e
GC1045,0.4,25.63,e
GC1045,0.54,20.64,e
GC1045,0.8,1.18,e
GC1045,1.1,0.71,e
GC1045,0,28.494,m
GC1045,0.025,28.389,m
GC1045,0.05,28.283,m
GC1045,0.075,28.176,m
GC1045,0.1,28.068,m
GC1045,0.125,27.959,m
GC1045,0.15,27.849,m
GC1045,0.175,27.735,m
GC1045,0.2,27.618,m
GC1045,0.225,27.495,m
GC1045,0.25,27.364,m
GC1045,0.275,27.221,m
GC1045,0.3,27.062,m
GC1045,0.325,26.879,m
GC1045,0.35,26.662,m
GC1045,0.375,26.397,m
GC1045,0.4,26.064,m
GC1045,0.425,25.631,m
GC1045,0.45,25.059,m
GC1045,0.475,24.288,m
GC1045,0.5,23.235,m
GC1045,0.525,21.79,m
GC1045,0.55,19.806,m
GC1045,0.575,17.115,m
GC1045,0.6,13.577,m
GC1045,0.625,9.2305,m
GC1045,0.65,4.6215,m
GC1045,0.675,1.1169,m
GC1045,0.7,0.093469,m
GC1045,0.725,0.0059463,m
GC1045,0.75,0.00035035,m
GC1045,0.775,1.98E-05,m
GC1045,0.8,1.09E-06,m
GC1045,0.825,5.88E-08,m
GC1045,0.85,3.13E-09,m
GC1045,0.875,1.64E-10,m
GC1045,0.9,8.58E-12,m
GC1045,0.925,4.45E-13,m
GC1045,0.95,2.30E-14,m
GC1045,0.975,1.18E-15,m
GC1045,1,6.04E-17,m